TimeStamp,Iteration,ProcessID,VoluntaryContextSwaps,NonVoluntaryContextSwaps,LoadProcesses,SysName,NodeName,Release,Version,Machine,Load, ServiceTime, Frequency, NoopCount, CyclesStart, CyclesEnd, Delta
1391095553,0,0,0,0,1,noop_unrolled,1e-05,2412353000,60269,42133092018369968,42133092018452162,18446734850337596957
1391095553,1,0,0,0,1,noop_unrolled,1e-05,2412353000,60269,42133092018672628,42133092018694395,18446734850337536530
1391095572,0,0,0,2,2,noop_unrolled,1e-05,2412353000,60269,42133138295991686,42133138296139806,18446734850337662883
1391095572,1,0,0,3,2,noop_unrolled,1e-05,2412353000,60269,42133138484158097,42133138484178339,18446734850337535005
1391095572,0,1,0,1,2,noop_unrolled,1e-05,2412353000,60269,42133138327366598,42133138327410523,18446734850337558688
1391095572,1,1,0,3,2,noop_unrolled,1e-05,2412353000,60269,42133138515544044,42133138515564322,18446734850337535041
1391095677,0,0,0,4,3,noop_unrolled,1e-05,2412353000,60269,42133391164691263,42133391164750351,18446734850337573851
1391095677,1,0,0,3,3,noop_unrolled,1e-05,2412353000,60269,42133391439705832,42133391439726084,18446734850337535015
1391095677,0,1,0,1,3,noop_unrolled,1e-05,2412353000,60269,42133391186403860,42133391186446532,18446734850337557435
1391095677,1,1,0,5,3,noop_unrolled,1e-05,2412353000,60269,42133391418008235,42133391418028432,18446734850337534960
1391095677,0,2,0,2,3,noop_unrolled,1e-05,2412353000,60269,42133391143039347,42133391143121498,18446734850337596914
1391095677,1,2,0,4,3,noop_unrolled,1e-05,2412353000,60269,42133391396297659,42133391396317874,18446734850337534978
1391095680,0,0,0,3,4,noop_unrolled,1e-05,2412353000,60269,42133398923426569,42133398923494683,18446734850337582877
1391095680,1,0,0,4,4,noop_unrolled,1e-05,2412353000,60269,42133399183998763,42133399184045002,18446734850337561002
1391095680,0,1,0,2,4,noop_unrolled,1e-05,2412353000,60269,42133398906553850,42133398906617854,18446734850337578767
1391095680,1,1,0,4,4,noop_unrolled,1e-05,2412353000,60269,42133399234660302,42133399234680566,18446734850337535027
1391095680,0,2,0,2,4,noop_unrolled,1e-05,2412353000,60269,42133398889682146,42133398889803036,18446734850337635653
1391095680,1,2,0,5,4,noop_unrolled,1e-05,2412353000,60269,42133399217772003,42133399217792267,18446734850337535027
1391095680,0,3,0,2,4,noop_unrolled,1e-05,2412353000,60269,42133398937929149,42133398937973868,18446734850337559482
1391095680,1,3,0,5,4,noop_unrolled,1e-05,2412353000,60269,42133399200898440,42133399200918731,18446734850337535054
1391095683,0,0,0,4,5,noop_unrolled,1e-05,2412353000,60269,42133406054958398,42133406055013163,18446734850337569528
1391095683,1,0,0,5,5,noop_unrolled,1e-05,2412353000,60269,42133406296171253,42133406296250014,18446734850337593524
1391095683,0,1,0,2,5,noop_unrolled,1e-05,2412353000,60269,42133406018727120,42133406018781272,18446734850337568915
1391095683,1,1,0,5,5,noop_unrolled,1e-05,2412353000,60269,42133406320284940,42133406320305193,18446734850337535016
1391095683,0,2,0,3,5,noop_unrolled,1e-05,2412353000,60269,42133406030801917,42133406030844403,18446734850337557249
1391095683,1,2,0,5,5,noop_unrolled,1e-05,2412353000,60269,42133406332373880,42133406332394134,18446734850337535017
1391095683,0,3,0,3,5,noop_unrolled,1e-05,2412353000,60269,42133406006709831,42133406006816050,18446734850337620982
1391095683,1,3,0,5,5,noop_unrolled,1e-05,2412353000,60269,42133406308246664,42133406308267059,18446734850337535158
1391095683,0,4,0,4,5,noop_unrolled,1e-05,2412353000,60269,42133406042867747,42133406042920931,18446734850337567947
1391095683,1,4,0,4,5,noop_unrolled,1e-05,2412353000,60269,42133406344435519,42133406344455773,18446734850337535017
1391095687,0,0,0,5,6,noop_unrolled,1e-05,2412353000,60269,42133415227506190,42133415227549324,18446734850337557897
1391095687,1,0,0,5,6,noop_unrolled,1e-05,2412353000,60269,42133415582077096,42133415582097374,18446734850337535041
1391095687,0,1,0,2,6,noop_unrolled,1e-05,2412353000,60269,42133415198483752,42133415198527752,18446734850337558763
1391095687,1,1,0,5,6,noop_unrolled,1e-05,2412353000,60269,42133415570014810,42133415570035087,18446734850337535040
1391095687,0,2,0,3,6,noop_unrolled,1e-05,2412353000,60269,42133415210531431,42133415210583204,18446734850337566536
1391095687,1,2,0,5,6,noop_unrolled,1e-05,2412353000,60269,42133415606203940,42133415606224265,18446734850337535088
1391095687,0,3,0,3,6,noop_unrolled,1e-05,2412353000,60269,42133415186451990,42133415186555171,18446734850337617944
1391095687,1,3,0,5,6,noop_unrolled,1e-05,2412353000,60269,42133415545905511,42133415545952219,18446734850337561471
1391095687,0,4,0,3,6,noop_unrolled,1e-05,2412353000,60269,42133415239509292,42133415239567575,18446734850337573046
1391095687,1,4,0,6,6,noop_unrolled,1e-05,2412353000,60269,42133415594141103,42133415594161381,18446734850337535041
1391095687,0,5,0,4,6,noop_unrolled,1e-05,2412353000,60269,42133415220207971,42133415220265021,18446734850337571813
1391095687,1,5,0,5,6,noop_unrolled,1e-05,2412353000,60269,42133415557952286,42133415557972573,18446734850337535050
1391095693,0,0,0,4,7,noop_unrolled,1e-05,2412353000,60269,42133429097166127,42133429097232984,18446734850337581620
1391095693,1,0,0,6,7,noop_unrolled,1e-05,2412353000,60269,42133429434907735,42133429434927986,18446734850337535014
1391095693,0,1,0,2,7,noop_unrolled,1e-05,2412353000,60269,42133429048915327,42133429048959202,18446734850337558638
1391095693,1,1,0,5,7,noop_unrolled,1e-05,2412353000,60269,42133429386658457,42133429386736416,18446734850337592722
1391095693,0,2,0,3,7,noop_unrolled,1e-05,2412353000,60269,42133429058550476,42133429058606515,18446734850337570802
1391095693,1,2,0,5,7,noop_unrolled,1e-05,2412353000,60269,42133429396306839,42133429396327239,18446734850337535163
1391095693,0,3,0,4,7,noop_unrolled,1e-05,2412353000,60269,42133429087501090,42133429087553932,18446734850337567605
1391095693,1,3,0,5,7,noop_unrolled,1e-05,2412353000,60269,42133429425272108,42133429425292360,18446734850337535015
1391095693,0,4,0,4,7,noop_unrolled,1e-05,2412353000,60269,42133429077865191,42133429077925168,18446734850337574740
1391095693,1,4,0,5,7,noop_unrolled,1e-05,2412353000,60269,42133429415622047,42133429415642298,18446734850337535014
1391095693,0,5,0,4,7,noop_unrolled,1e-05,2412353000,60269,42133429068211615,42133429068267940,18446734850337571088
1391095693,1,5,0,5,7,noop_unrolled,1e-05,2412353000,60269,42133429405956750,42133429405977001,18446734850337535014
1391095693,0,6,0,4,7,noop_unrolled,1e-05,2412353000,60269,42133429039323149,42133429039406688,18446734850337598302
1391095693,1,6,0,5,7,noop_unrolled,1e-05,2412353000,60269,42133429444601512,42133429444621772,18446734850337535023
1391095697,0,0,0,5,8,noop_unrolled,1e-05,2412353000,60269,42133439813710755,42133439813788822,18446734850337592830
1391095697,1,0,0,5,8,noop_unrolled,1e-05,2412353000,60269,42133440187655633,42133440187675896,18446734850337535026
1391095697,0,1,0,2,8,noop_unrolled,1e-05,2412353000,60269,42133439777495306,42133439777549569,18446734850337569026
1391095697,1,1,0,6,8,noop_unrolled,1e-05,2412353000,60269,42133440204532047,42133440204552303,18446734850337535019
1391095697,0,2,0,4,8,noop_unrolled,1e-05,2412353000,60269,42133439796808886,42133439796864188,18446734850337570065
1391095697,1,2,0,4,8,noop_unrolled,1e-05,2412353000,60269,42133440221431228,42133440221451483,18446734850337535018
1391095697,0,3,0,4,8,noop_unrolled,1e-05,2412353000,60269,42133439804048374,42133439804108666,18446734850337575055
1391095697,1,3,0,5,8,noop_unrolled,1e-05,2412353000,60269,42133440168355939,42133440168376350,18446734850337535174
1391095697,0,4,0,4,8,noop_unrolled,1e-05,2412353000,60269,42133439787160419,42133439787217182,18446734850337571526
1391095697,1,4,0,6,8,noop_unrolled,1e-05,2412353000,60269,42133440214180188,42133440214200444,18446734850337535019
1391095697,0,5,0,4,8,noop_unrolled,1e-05,2412353000,60269,42133439840250569,42133439840305913,18446734850337570107
1391095697,1,5,0,6,8,noop_unrolled,1e-05,2412353000,60269,42133440197291923,42133440197312177,18446734850337535017
1391095697,0,6,0,5,8,noop_unrolled,1e-05,2412353000,60269,42133439823346596,42133439823409459,18446734850337577626
1391095697,1,6,0,5,8,noop_unrolled,1e-05,2412353000,60269,42133440177992523,42133440178012778,18446734850337535018
1391095697,0,7,0,4,8,noop_unrolled,1e-05,2412353000,60269,42133439767923797,42133439768008019,18446734850337598985
1391095697,1,7,0,5,8,noop_unrolled,1e-05,2412353000,60269,42133440158695206,42133440158766644,18446734850337586201
1391095701,0,0,0,6,9,noop_unrolled,1e-05,2412353000,60269,42133449205730857,42133449205817360,18446734850337601266
1391095701,1,0,0,5,9,noop_unrolled,1e-05,2412353000,60269,42133449709962895,42133449709990398,18446734850337542266
1391095701,0,1,0,3,9,noop_unrolled,1e-05,2412353000,60269,42133449162317166,42133449162360912,18446734850337558509
1391095701,1,1,0,6,9,noop_unrolled,1e-05,2412353000,60269,42133449671364475,42133449671389676,18446734850337539964
1391095701,0,2,0,5,9,noop_unrolled,1e-05,2412353000,60269,42133449171965077,42133449172020385,18446734850337570071
1391095701,1,2,0,6,9,noop_unrolled,1e-05,2412353000,60269,42133449690694387,42133449690714640,18446734850337535016
1391095701,0,3,0,5,9,noop_unrolled,1e-05,2412353000,60269,42133449196093546,42133449196162381,18446734850337583598
1391095701,1,3,0,6,9,noop_unrolled,1e-05,2412353000,60269,42133449661714218,42133449661734471,18446734850337535016
1391095701,0,4,0,5,9,noop_unrolled,1e-05,2412353000,60269,42133449179219616,42133449179274725,18446734850337569872
1391095701,1,4,0,6,9,noop_unrolled,1e-05,2412353000,60269,42133449680999655,42133449681019952,18446734850337535060
1391095701,0,5,0,5,9,noop_unrolled,1e-05,2412353000,60269,42133449188841244,42133449188894728,18446734850337568247
1391095701,1,5,0,6,9,noop_unrolled,1e-05,2412353000,60269,42133449700315514,42133449700335767,18446734850337535016
1391095701,0,6,0,6,9,noop_unrolled,1e-05,2412353000,60269,42133449155141955,42133449155223203,18446734850337596011
1391095701,1,6,0,5,9,noop_unrolled,1e-05,2412353000,60269,42133449642414518,42133449642435188,18446734850337535433
1391095701,0,7,0,5,9,noop_unrolled,1e-05,2412353000,60269,42133449241905502,42133449241956570,18446734850337565831
1391095701,1,7,0,6,9,noop_unrolled,1e-05,2412353000,60269,42133449652064595,42133449652084848,18446734850337535016
1391095701,0,8,0,6,9,noop_unrolled,1e-05,2412353000,60269,42133449215377931,42133449215439390,18446734850337576222
1391095701,1,8,0,5,9,noop_unrolled,1e-05,2412353000,60269,42133449632765963,42133449632846703,18446734850337595503
1391095705,0,0,0,5,10,noop_unrolled,1e-05,2412353000,60269,42133458317974997,42133458318032156,18446734850337571922
1391095705,1,0,0,6,10,noop_unrolled,1e-05,2412353000,60269,42133458851118829,42133458851139107,18446734850337535041
1391095705,0,1,0,3,10,noop_unrolled,1e-05,2412353000,60269,42133458298675443,42133458298730868,18446734850337570188
1391095705,1,1,0,6,10,noop_unrolled,1e-05,2412353000,60269,42133458860755862,42133458860776139,18446734850337535040
1391095705,0,2,0,4,10,noop_unrolled,1e-05,2412353000,60269,42133458327640289,42133458327683980,18446734850337558454
1391095705,1,2,0,6,10,noop_unrolled,1e-05,2412353000,60269,42133458887278832,42133458887299155,18446734850337535086
1391095705,0,3,0,4,10,noop_unrolled,1e-05,2412353000,60269,42133458308303711,42133458308347464,18446734850337558516
1391095705,1,3,0,6,10,noop_unrolled,1e-05,2412353000,60269,42133458870390996,42133458870411272,18446734850337535039
1391095705,0,4,0,4,10,noop_unrolled,1e-05,2412353000,60269,42133458289039914,42133458289085204,18446734850337560053
1391095705,1,4,0,6,10,noop_unrolled,1e-05,2412353000,60269,42133458843853506,42133458843877913,18446734850337539170
1391095705,0,5,0,5,10,noop_unrolled,1e-05,2412353000,60269,42133458337247820,42133458337324606,18446734850337591549
1391095705,1,5,0,5,10,noop_unrolled,1e-05,2412353000,60269,42133458824552423,42133458824573113,18446734850337535453
1391095705,0,6,0,4,10,noop_unrolled,1e-05,2412353000,60269,42133458279411538,42133458279493037,18446734850337596262
1391095705,1,6,0,6,10,noop_unrolled,1e-05,2412353000,60269,42133458814919390,42133458814999271,18446734850337594644
1391095705,0,7,0,5,10,noop_unrolled,1e-05,2412353000,60269,42133458346912667,42133458346981516,18446734850337583612
1391095705,1,7,0,5,10,noop_unrolled,1e-05,2412353000,60269,42133458896929230,42133458896949507,18446734850337535040
1391095705,0,8,0,5,10,noop_unrolled,1e-05,2412353000,60269,42133458356548280,42133458356618391,18446734850337584874
1391095705,1,8,0,6,10,noop_unrolled,1e-05,2412353000,60269,42133458877688618,42133458877708916,18446734850337535061
1391095705,0,9,0,4,10,noop_unrolled,1e-05,2412353000,60269,42133458366211630,42133458366281761,18446734850337584894
1391095705,1,9,0,6,10,noop_unrolled,1e-05,2412353000,60269,42133458834217695,42133458834237990,18446734850337535058
1391095710,0,0,0,6,20,noop_unrolled,1e-05,2412353000,60269,42133470814938135,42133470815015928,18446734850337592556
1391095710,1,0,0,6,20,noop_unrolled,1e-05,2412353000,60269,42133472028437124,42133472028476497,18446734850337554136
1391095710,0,1,0,3,20,noop_unrolled,1e-05,2412353000,60269,42133470841491752,42133470841547718,18446734850337570729
1391095710,1,1,0,6,20,noop_unrolled,1e-05,2412353000,60269,42133472021196756,42133472021223754,18446734850337541761
1391095710,0,2,0,4,20,noop_unrolled,1e-05,2412353000,60269,42133470752227025,42133470752283116,18446734850337570854
1391095710,1,2,0,6,20,noop_unrolled,1e-05,2412353000,60269,42133471992261829,42133471992288186,18446734850337541120
1391095710,0,3,0,4,20,noop_unrolled,1e-05,2412353000,60269,42133470822177124,42133470822232130,18446734850337569769
1391095710,1,3,0,6,20,noop_unrolled,1e-05,2412353000,60269,42133471886110370,42133471886205922,18446734850337610315
1391095710,0,4,0,5,20,noop_unrolled,1e-05,2412353000,60269,42133470805287775,42133470805359620,18446734850337586608
1391095710,1,4,0,5,20,noop_unrolled,1e-05,2412353000,60269,42133471929506809,42133471929532082,18446734850337540036
1391095710,0,5,0,5,20,noop_unrolled,1e-05,2412353000,60269,42133470880106059,42133470880163165,18446734850337571869
1391095710,1,5,0,6,20,noop_unrolled,1e-05,2412353000,60269,42133471902983871,42133471903008975,18446734850337539867
1391095710,0,6,0,5,20,noop_unrolled,1e-05,2412353000,60269,42133470735385590,42133470735469942,18446734850337599115
1391095710,1,6,0,6,20,noop_unrolled,1e-05,2412353000,60269,42133471972947832,42133471972972812,18446734850337539743
1391095710,0,7,0,5,20,noop_unrolled,1e-05,2412353000,60269,42133470896965632,42133470897036949,18446734850337586080
1391095710,1,7,0,5,20,noop_unrolled,1e-05,2412353000,60269,42133472062225620,42133472062252105,18446734850337541248
1391095710,0,8,0,5,20,noop_unrolled,1e-05,2412353000,60269,42133470916251783,42133470916313031,18446734850337576011
1391095710,1,8,0,6,20,noop_unrolled,1e-05,2412353000,60269,42133471912619012,42133471912639313,18446734850337535064
1391095710,0,9,0,5,20,noop_unrolled,1e-05,2412353000,60269,42133470995879786,42133470995951080,18446734850337586057
1391095710,1,9,0,6,20,noop_unrolled,1e-05,2412353000,60269,42133471956058727,42133471956085007,18446734850337541043
1391095710,0,10,0,5,20,noop_unrolled,1e-05,2412353000,60269,42133470923489869,42133470923559500,18446734850337584394
1391095710,1,10,0,6,20,noop_unrolled,1e-05,2412353000,60269,42133471963311248,42133471963337707,18446734850337541222
1391095710,0,11,0,5,20,noop_unrolled,1e-05,2412353000,60269,42133470851112712,42133470851174713,18446734850337576764
1391095710,1,11,0,6,20,noop_unrolled,1e-05,2412353000,60269,42133471982598010,42133471982623014,18446734850337539767
1391095710,0,12,0,5,20,noop_unrolled,1e-05,2412353000,60269,42133470744960092,42133470745031490,18446734850337586161
1391095710,1,12,0,6,20,noop_unrolled,1e-05,2412353000,60269,42133472035719305,42133472035744182,18446734850337539640
1391095710,0,13,0,5,20,noop_unrolled,1e-05,2412353000,60269,42133470761863411,42133470761925027,18446734850337576379
1391095710,1,13,0,6,20,noop_unrolled,1e-05,2412353000,60269,42133472045338128,42133472045358384,18446734850337535019
1391095710,0,14,0,5,20,noop_unrolled,1e-05,2412353000,60269,42133470771512245,42133470771575006,18446734850337577524
1391095710,1,14,0,6,20,noop_unrolled,1e-05,2412353000,60269,42133471895744203,42133471895772195,18446734850337542755
1391095710,0,15,0,5,20,noop_unrolled,1e-05,2412353000,60269,42133470870429241,42133470870498305,18446734850337583827
1391095710,1,15,0,6,20,noop_unrolled,1e-05,2412353000,60269,42133471936759538,42133471936779838,18446734850337535063
1391095710,0,16,0,5,20,noop_unrolled,1e-05,2412353000,60269,42133470831840539,42133470831908835,18446734850337583059
1391095710,1,16,0,6,20,noop_unrolled,1e-05,2412353000,60269,42133472001910457,42133472001938386,18446734850337542692
1391095710,0,17,0,5,20,noop_unrolled,1e-05,2412353000,60269,42133470781148967,42133470781210517,18446734850337576313
1391095710,1,17,0,6,20,noop_unrolled,1e-05,2412353000,60269,42133471946395234,42133471946419862,18446734850337539391
1391095710,0,18,0,5,20,noop_unrolled,1e-05,2412353000,60269,42133470788401086,42133470788457419,18446734850337571096
1391095710,1,18,0,6,20,noop_unrolled,1e-05,2412353000,60269,42133472011534235,42133472011558663,18446734850337539191
1391095710,0,19,0,5,20,noop_unrolled,1e-05,2412353000,60269,42133470795669416,42133470795724835,18446734850337570182
1391095710,1,19,0,5,20,noop_unrolled,1e-05,2412353000,60269,42133471919872994,42133471919896735,18446734850337538504
1391095715,0,0,0,5,30,noop_unrolled,1e-05,2412353000,60269,42133483705206971,42133483705263425,18446734850337571217
1391095715,1,0,0,7,30,noop_unrolled,1e-05,2412353000,60269,42133485541124129,42133485541151358,18446734850337541992
1391095715,0,1,0,3,30,noop_unrolled,1e-05,2412353000,60269,42133483763092150,42133483763149095,18446734850337571708
1391095715,1,1,0,6,30,noop_unrolled,1e-05,2412353000,60269,42133485422909228,42133485422936634,18446734850337542169
1391095715,0,2,0,3,30,noop_unrolled,1e-05,2412353000,60269,42133483567661921,42133483567717603,18446734850337570445
1391095715,1,2,0,6,30,noop_unrolled,1e-05,2412353000,60269,42133485331233954,42133485331259824,18446734850337540633
1391095715,0,3,0,4,30,noop_unrolled,1e-05,2412353000,60269,42133483714842048,42133483714898462,18446734850337571177
1391095715,1,3,0,6,30,noop_unrolled,1e-05,2412353000,60269,42133485442196047,42133485442221942,18446734850337540658
1391095715,0,4,0,4,30,noop_unrolled,1e-05,2412353000,60269,42133483668987924,42133483669060076,18446734850337586915
1391095715,1,4,0,6,30,noop_unrolled,1e-05,2412353000,60269,42133485374659899,42133485374680222,18446734850337535086
1391095715,0,5,0,4,30,noop_unrolled,1e-05,2412353000,60269,42133483615926408,42133483615990503,18446734850337578858
1391095715,1,5,0,6,30,noop_unrolled,1e-05,2412353000,60269,42133485348136445,42133485348162571,18446734850337540889
1391095715,0,6,0,4,30,noop_unrolled,1e-05,2412353000,60269,42133483548420171,42133483548504550,18446734850337599142
1391095715,1,6,0,7,30,noop_unrolled,1e-05,2412353000,60269,42133485495286518,42133485495313038,18446734850337541283
1391095715,0,7,0,5,30,noop_unrolled,1e-05,2412353000,60269,42133483724463112,42133483724533368,18446734850337585019
1391095715,1,7,0,6,30,noop_unrolled,1e-05,2412353000,60269,42133485468749261,42133485468775037,18446734850337540539
1391095715,0,8,0,5,30,noop_unrolled,1e-05,2412353000,60269,42133483820977956,42133483821035584,18446734850337572391
1391095715,1,8,0,6,30,noop_unrolled,1e-05,2412353000,60269,42133485488034075,42133485488060348,18446734850337541036
1391095715,0,9,0,5,30,noop_unrolled,1e-05,2412353000,60269,42133483830628864,42133483830685735,18446734850337571634
1391095715,1,9,0,6,30,noop_unrolled,1e-05,2412353000,60269,42133485478385915,42133485478410259,18446734850337539107
1391095715,0,10,0,5,30,noop_unrolled,1e-05,2412353000,60269,42133483743777076,42133483743832660,18446734850337570347
1391095715,1,10,0,6,30,noop_unrolled,1e-05,2412353000,60269,42133485413260729,42133485413286374,18446734850337540408
1391095715,0,11,0,5,30,noop_unrolled,1e-05,2412353000,60269,42133483753429460,42133483753489918,18446734850337575221
1391095715,1,11,0,6,30,noop_unrolled,1e-05,2412353000,60269,42133485514572423,42133485514598491,18446734850337540831
1391095715,0,12,0,5,30,noop_unrolled,1e-05,2412353000,60269,42133483772743102,42133483772806532,18446734850337578193
1391095715,1,12,0,6,30,noop_unrolled,1e-05,2412353000,60269,42133485367394183,42133485367418086,18446734850337538666
1391095715,0,13,0,4,30,noop_unrolled,1e-05,2412353000,60269,42133483577311637,42133483577367952,18446734850337571078
1391095715,1,13,0,7,30,noop_unrolled,1e-05,2412353000,60269,42133485521838614,42133485521865979,18446734850337542128
1391095715,0,14,0,4,30,noop_unrolled,1e-05,2412353000,60269,42133483586975496,42133483587033084,18446734850337572351
1391095715,1,14,0,7,30,noop_unrolled,1e-05,2412353000,60269,42133485340867518,42133485340895056,18446734850337542301
1391095715,0,15,0,5,30,noop_unrolled,1e-05,2412353000,60269,42133483782377899,42133483782434520,18446734850337571384
1391095715,1,15,0,6,30,noop_unrolled,1e-05,2412353000,60269,42133485384324556,42133485384350857,18446734850337541064
1391095715,0,16,0,5,30,noop_unrolled,1e-05,2412353000,60269,42133483625562184,42133483625634278,18446734850337586857
1391095715,1,16,0,5,30,noop_unrolled,1e-05,2412353000,60269,42133485266108607,42133485266190196,18446734850337596352
1391095715,0,17,0,5,30,noop_unrolled,1e-05,2412353000,60269,42133483801708695,42133483801765426,18446734850337571494
1391095715,1,17,0,6,30,noop_unrolled,1e-05,2412353000,60269,42133485393973051,42133485394001011,18446734850337542723
1391095715,0,18,0,5,30,noop_unrolled,1e-05,2412353000,60269,42133483642463982,42133483642521696,18446734850337572477
1391095715,1,18,0,5,30,noop_unrolled,1e-05,2412353000,60269,42133485292618288,42133485292644123,18446734850337540598
1391095715,0,19,0,5,30,noop_unrolled,1e-05,2412353000,60269,42133483734158174,42133483734202755,18446734850337559344
1391095715,1,19,0,6,30,noop_unrolled,1e-05,2412353000,60269,42133485403595043,42133485403621263,18446734850337540983
1391095715,0,20,0,4,30,noop_unrolled,1e-05,2412353000,60269,42133483649703887,42133483649770740,18446734850337581616
1391095715,1,20,0,6,30,noop_unrolled,1e-05,2412353000,60269,42133485357785490,42133485357812791,18446734850337542064
1391095715,0,21,0,4,30,noop_unrolled,1e-05,2412353000,60269,42133483837881440,42133483837938235,18446734850337571558
1391095715,1,21,0,7,30,noop_unrolled,1e-05,2412353000,60269,42133485504923668,42133485504948155,18446734850337539250
1391095715,0,22,0,4,30,noop_unrolled,1e-05,2412353000,60269,42133483557998404,42133483558068096,18446734850337584455
1391095715,1,22,0,6,30,noop_unrolled,1e-05,2412353000,60269,42133485311933648,42133485311959513,18446734850337540628
1391095715,0,23,0,4,30,noop_unrolled,1e-05,2412353000,60269,42133483659336832,42133483659394615,18446734850337572546
1391095715,1,23,0,6,30,noop_unrolled,1e-05,2412353000,60269,42133485321614364,42133485321639603,18446734850337540002
1391095715,0,24,0,5,30,noop_unrolled,1e-05,2412353000,60269,42133483695526936,42133483695589049,18446734850337576876
1391095715,1,24,0,6,30,noop_unrolled,1e-05,2412353000,60269,42133485432574392,42133485432601717,18446734850337542088
1391095715,0,25,0,4,30,noop_unrolled,1e-05,2412353000,60269,42133483596612551,42133483596674441,18446734850337576653
1391095715,1,25,0,7,30,noop_unrolled,1e-05,2412353000,60269,42133485451861301,42133485451887147,18446734850337540609
1391095715,0,26,0,4,30,noop_unrolled,1e-05,2412353000,60269,42133483606291464,42133483606348064,18446734850337571363
1391095715,1,26,0,6,30,noop_unrolled,1e-05,2412353000,60269,42133485548362918,42133485548389085,18446734850337540930
1391095715,0,27,0,4,30,noop_unrolled,1e-05,2412353000,60269,42133483678654372,42133483678721082,18446734850337581473
1391095715,1,27,0,7,30,noop_unrolled,1e-05,2412353000,60269,42133485275729986,42133485275756957,18446734850337541734
1391095715,0,28,0,4,30,noop_unrolled,1e-05,2412353000,60269,42133483688287824,42133483688344880,18446734850337571819
1391095715,1,28,0,6,30,noop_unrolled,1e-05,2412353000,60269,42133485282982054,42133485283008934,18446734850337541643
1391095715,0,29,0,4,30,noop_unrolled,1e-05,2412353000,60269,42133483632815284,42133483632870815,18446734850337570294
1391095715,1,29,0,6,30,noop_unrolled,1e-05,2412353000,60269,42133485302267890,42133485302294237,18446734850337541110
1391095721,0,0,0,5,40,noop_unrolled,1e-05,2412353000,60269,42133497444631328,42133497444711196,18446734850337594631
1391095721,1,0,0,6,40,noop_unrolled,1e-05,2412353000,60269,42133499758278482,42133499758305025,18446734850337541306
1391095721,0,1,0,3,40,noop_unrolled,1e-05,2412353000,60269,42133497123791240,42133497123849396,18446734850337572919
1391095721,1,1,0,6,40,noop_unrolled,1e-05,2412353000,60269,42133499553197614,42133499553223738,18446734850337540887
1391095721,0,2,0,4,40,noop_unrolled,1e-05,2412353000,60269,42133497435009778,42133497435066628,18446734850337571613
1391095721,1,2,0,6,40,noop_unrolled,1e-05,2412353000,60269,42133499685886714,42133499685913601,18446734850337541650
1391095721,0,3,0,4,40,noop_unrolled,1e-05,2412353000,60269,42133497362633017,42133497362689001,18446734850337570747
1391095721,1,3,0,6,40,noop_unrolled,1e-05,2412353000,60269,42133499693140099,42133499693173434,18446734850337548098
1391095721,0,4,0,4,40,noop_unrolled,1e-05,2412353000,60269,42133497263733958,42133497263778146,18446734850337558951
1391095721,1,4,0,6,40,noop_unrolled,1e-05,2412353000,60269,42133499471184553,42133499471212011,18446734850337542221
1391095721,0,5,0,4,40,noop_unrolled,1e-05,2412353000,60269,42133497186518296,42133497186576505,18446734850337572972
1391095721,1,5,0,6,40,noop_unrolled,1e-05,2412353000,60269,42133499406046975,42133499406074079,18446734850337541867
1391095721,0,6,0,5,40,noop_unrolled,1e-05,2412353000,60269,42133497418106978,42133497418164911,18446734850337572696
1391095721,1,6,0,6,40,noop_unrolled,1e-05,2412353000,60269,42133499656950785,42133499656978052,18446734850337542030
1391095721,0,7,0,5,40,noop_unrolled,1e-05,2412353000,60269,42133497391569763,42133497391640220,18446734850337585220
1391095721,1,7,0,6,40,noop_unrolled,1e-05,2412353000,60269,42133499599050763,42133499599076941,18446734850337540941
1391095721,0,8,0,5,40,noop_unrolled,1e-05,2412353000,60269,42133497480833746,42133497480904032,18446734850337585049
1391095721,1,8,0,6,40,noop_unrolled,1e-05,2412353000,60269,42133499618365251,42133499618392363,18446734850337541875
1391095721,0,9,0,5,40,noop_unrolled,1e-05,2412353000,60269,42133497401235878,42133497401291815,18446734850337570700
1391095721,1,9,0,6,40,noop_unrolled,1e-05,2412353000,60269,42133499729326476,42133499729354427,18446734850337542714
1391095721,0,10,0,4,40,noop_unrolled,1e-05,2412353000,60269,42133497500105773,42133497500175194,18446734850337584184
1391095721,1,10,0,7,40,noop_unrolled,1e-05,2412353000,60269,42133499647301281,42133499647327934,18446734850337541416
1391095721,0,11,0,5,40,noop_unrolled,1e-05,2412353000,60269,42133497116583581,42133497116669739,18446734850337600921
1391095721,1,11,0,6,40,noop_unrolled,1e-05,2412353000,60269,42133499543548050,42133499543573425,18446734850337540138
1391095721,0,12,0,4,40,noop_unrolled,1e-05,2412353000,60269,42133497131017454,42133497131061975,18446734850337559284
1391095721,1,12,0,6,40,noop_unrolled,1e-05,2412353000,60269,42133499451857568,42133499451881624,18446734850337538819
1391095721,0,13,0,4,40,noop_unrolled,1e-05,2412353000,60269,42133497150348556,42133497150393164,18446734850337559371
1391095721,1,13,0,6,40,noop_unrolled,1e-05,2412353000,60269,42133499461520936,42133499461546908,18446734850337540735
1391095721,0,14,0,4,40,noop_unrolled,1e-05,2412353000,60269,42133497159994298,42133497160039380,18446734850337559845
1391095721,1,14,0,6,40,noop_unrolled,1e-05,2412353000,60269,42133499490485328,42133499490512287,18446734850337541722
1391095721,0,15,0,4,40,noop_unrolled,1e-05,2412353000,60269,42133497176869085,42133497176925574,18446734850337571252
1391095721,1,15,0,6,40,noop_unrolled,1e-05,2412353000,60269,42133499396410709,42133499396478138,18446734850337582192
1391095721,0,16,0,4,40,noop_unrolled,1e-05,2412353000,60269,42133497196192624,42133497196237130,18446734850337559269
1391095721,1,16,0,6,40,noop_unrolled,1e-05,2412353000,60269,42133499509770040,42133499509797724,18446734850337542447
1391095721,0,17,0,5,40,noop_unrolled,1e-05,2412353000,60269,42133497463930153,42133497463987644,18446734850337572254
1391095721,1,17,0,6,40,noop_unrolled,1e-05,2412353000,60269,42133499517022516,42133499517050269,18446734850337542516
1391095721,0,18,0,5,40,noop_unrolled,1e-05,2412353000,60269,42133497473596993,42133497473666148,18446734850337583918
1391095721,1,18,0,6,40,noop_unrolled,1e-05,2412353000,60269,42133499608714815,42133499608742100,18446734850337542048
1391095721,0,19,0,4,40,noop_unrolled,1e-05,2412353000,60269,42133497215483250,42133497215527623,18446734850337559136
1391095721,1,19,0,7,40,noop_unrolled,1e-05,2412353000,60269,42133499425317514,42133499425343667,18446734850337540916
1391095721,0,20,0,5,40,noop_unrolled,1e-05,2412353000,60269,42133497490483454,42133497490541256,18446734850337572565
1391095721,1,20,0,6,40,noop_unrolled,1e-05,2412353000,60269,42133499637665287,42133499637692617,18446734850337542093
1391095721,0,21,0,4,40,noop_unrolled,1e-05,2412353000,60269,42133497234768832,42133497234827271,18446734850337573202
1391095721,1,21,0,6,40,noop_unrolled,1e-05,2412353000,60269,42133499536294640,42133499536335835,18446734850337555958
1391095721,0,22,0,4,40,noop_unrolled,1e-05,2412353000,60269,42133497244419109,42133497244476497,18446734850337572151
1391095721,1,22,0,6,40,noop_unrolled,1e-05,2412353000,60269,42133499442192337,42133499442216586,18446734850337539012
1391095721,0,23,0,4,40,noop_unrolled,1e-05,2412353000,60269,42133497140664120,42133497140734940,18446734850337585583
1391095721,1,23,0,7,40,noop_unrolled,1e-05,2412353000,60269,42133499676265820,42133499676293442,18446734850337542385
1391095721,0,24,0,4,40,noop_unrolled,1e-05,2412353000,60269,42133497273353980,42133497273411781,18446734850337572564
1391095721,1,24,0,6,40,noop_unrolled,1e-05,2412353000,60269,42133499480819938,42133499480847130,18446734850337541955
1391095721,0,25,0,5,40,noop_unrolled,1e-05,2412353000,60269,42133497169599699,42133497169657531,18446734850337572595
1391095721,1,25,0,5,40,noop_unrolled,1e-05,2412353000,60269,42133499767960880,42133499767981403,18446734850337535286
1391095721,0,26,0,4,40,noop_unrolled,1e-05,2412353000,60269,42133497290242254,42133497290299075,18446734850337571584
1391095721,1,26,0,7,40,noop_unrolled,1e-05,2412353000,60269,42133499702775734,42133499702801530,18446734850337540559
1391095721,0,27,0,4,40,noop_unrolled,1e-05,2412353000,60269,42133497297509379,42133497297554127,18446734850337559511
1391095721,1,27,0,6,40,noop_unrolled,1e-05,2412353000,60269,42133499579733642,42133499579761583,18446734850337542704
1391095721,0,28,0,4,40,noop_unrolled,1e-05,2412353000,60269,42133497205833427,42133497205877928,18446734850337559264
1391095721,1,28,0,6,40,noop_unrolled,1e-05,2412353000,60269,42133499415680675,42133499415708464,18446734850337542552
1391095721,0,29,0,4,40,noop_unrolled,1e-05,2412353000,60269,42133497316795062,42133497316853395,18446734850337573096
1391095721,1,29,0,6,40,noop_unrolled,1e-05,2412353000,60269,42133499526704867,42133499526725352,18446734850337535248
1391095721,0,30,0,4,40,noop_unrolled,1e-05,2412353000,60269,42133497326416482,42133497326497849,18446734850337596130
1391095721,1,30,0,6,40,noop_unrolled,1e-05,2412353000,60269,42133499628002129,42133499628027491,18446734850337540125
1391095721,0,31,0,4,40,noop_unrolled,1e-05,2412353000,60269,42133497225090800,42133497225170588,18446734850337594551
1391095721,1,31,0,7,40,noop_unrolled,1e-05,2412353000,60269,42133499738992327,42133499739019607,18446734850337542043
1391095721,0,32,0,4,40,noop_unrolled,1e-05,2412353000,60269,42133497336066251,42133497336123160,18446734850337571672
1391095721,1,32,0,6,40,noop_unrolled,1e-05,2412353000,60269,42133499432556634,42133499432581284,18446734850337539413
1391095721,0,33,0,4,40,noop_unrolled,1e-05,2412353000,60269,42133497343347812,42133497343391547,18446734850337558498
1391095721,1,33,0,6,40,noop_unrolled,1e-05,2412353000,60269,42133499666722298,42133499666742779,18446734850337535244
1391095721,0,34,0,4,40,noop_unrolled,1e-05,2412353000,60269,42133497254100244,42133497254143914,18446734850337558433
1391095721,1,34,0,7,40,noop_unrolled,1e-05,2412353000,60269,42133499748642935,42133499748669754,18446734850337541582
1391095721,0,35,0,4,40,noop_unrolled,1e-05,2412353000,60269,42133497352984808,42133497353040577,18446734850337570532
1391095721,1,35,0,6,40,noop_unrolled,1e-05,2412353000,60269,42133499562833237,42133499562858872,18446734850337540398
1391095721,0,36,0,4,40,noop_unrolled,1e-05,2412353000,60269,42133497280607736,42133497280664986,18446734850337572013
1391095721,1,36,0,6,40,noop_unrolled,1e-05,2412353000,60269,42133499570085408,42133499570111509,18446734850337540864
1391095721,0,37,0,4,40,noop_unrolled,1e-05,2412353000,60269,42133497372269838,42133497372336744,18446734850337581669
1391095721,1,37,0,6,40,noop_unrolled,1e-05,2412353000,60269,42133499500135302,42133499500162436,18446734850337541897
1391095721,0,38,0,4,40,noop_unrolled,1e-05,2412353000,60269,42133497381933374,42133497381989725,18446734850337571114
1391095721,1,38,0,6,40,noop_unrolled,1e-05,2412353000,60269,42133499712440003,42133499712466694,18446734850337541454
1391095721,0,39,0,4,40,noop_unrolled,1e-05,2412353000,60269,42133497307145845,42133497307202557,18446734850337571475
1391095721,1,39,0,6,40,noop_unrolled,1e-05,2412353000,60269,42133499589415215,42133499589441649,18446734850337541197
1391095727,0,0,0,5,50,noop_unrolled,1e-05,2412353000,60269,42133512079169568,42133512079225627,18446734850337570822
1391095727,1,0,0,6,50,noop_unrolled,1e-05,2412353000,60269,42133514846360143,42133514846388185,18446734850337542805
1391095727,0,1,0,3,50,noop_unrolled,1e-05,2412353000,60269,42133511895838130,42133511895881554,18446734850337558187
1391095727,1,1,0,6,50,noop_unrolled,1e-05,2412353000,60269,42133514802920414,42133514802947257,18446734850337541606
1391095727,0,2,0,4,50,noop_unrolled,1e-05,2412353000,60269,42133512062281973,42133512062338266,18446734850337571056
1391095727,1,2,0,6,50,noop_unrolled,1e-05,2412353000,60269,42133514812569456,42133514812597482,18446734850337542789
1391095727,0,3,0,4,50,noop_unrolled,1e-05,2412353000,60269,42133511905465505,42133511905522537,18446734850337571795
1391095727,1,3,0,6,50,noop_unrolled,1e-05,2412353000,60269,42133514573714899,42133514573740385,18446734850337540249
1391095727,0,4,0,4,50,noop_unrolled,1e-05,2412353000,60269,42133511782440505,42133511782484336,18446734850337558594
1391095727,1,4,0,6,50,noop_unrolled,1e-05,2412353000,60269,42133514544778165,42133514544804644,18446734850337541242
1391095727,0,5,0,4,50,noop_unrolled,1e-05,2412353000,60269,42133511700399877,42133511700456926,18446734850337571812
1391095727,1,5,0,6,50,noop_unrolled,1e-05,2412353000,60269,42133514593014772,42133514593057732,18446734850337557723
1391095727,0,6,0,5,50,noop_unrolled,1e-05,2412353000,60269,42133512052632111,42133512052688551,18446734850337571203
1391095727,1,6,0,6,50,noop_unrolled,1e-05,2412353000,60269,42133514783633898,42133514783661922,18446734850337542787
1391095727,0,7,0,5,50,noop_unrolled,1e-05,2412353000,60269,42133511941626255,42133511941695982,18446734850337584490
1391095727,1,7,0,6,50,noop_unrolled,1e-05,2412353000,60269,42133514839107494,42133514839135499,18446734850337542768
1391095727,0,8,0,5,50,noop_unrolled,1e-05,2412353000,60269,42133511859628886,42133511859684793,18446734850337570670
1391095727,1,8,0,6,50,noop_unrolled,1e-05,2412353000,60269,42133514728116775,42133514728143340,18446734850337541328
1391095727,0,9,0,4,50,noop_unrolled,1e-05,2412353000,60269,42133512098441158,42133512098511792,18446734850337585397
1391095727,1,9,0,7,50,noop_unrolled,1e-05,2412353000,60269,42133514880121710,42133514880148803,18446734850337541856
1391095727,0,10,0,5,50,noop_unrolled,1e-05,2412353000,60269,42133512042981332,42133512043038191,18446734850337571622
1391095727,1,10,0,6,50,noop_unrolled,1e-05,2412353000,60269,42133514906659363,42133514906686729,18446734850337542129
1391095727,0,11,0,4,50,noop_unrolled,1e-05,2412353000,60269,42133511642527443,42133511642610589,18446734850337597909
1391095727,1,11,0,7,50,noop_unrolled,1e-05,2412353000,60269,42133514527889774,42133514527916796,18446734850337541785
1391095727,0,12,0,4,50,noop_unrolled,1e-05,2412353000,60269,42133511661815420,42133511661859121,18446734850337558464
1391095727,1,12,0,6,50,noop_unrolled,1e-05,2412353000,60269,42133514472433981,42133514472487822,18446734850337568604
1391095727,0,13,0,4,50,noop_unrolled,1e-05,2412353000,60269,42133511681113646,42133511681158432,18446734850337559549
1391095727,1,13,0,6,50,noop_unrolled,1e-05,2412353000,60269,42133514554428288,42133514554455046,18446734850337541521
1391095727,0,14,0,4,50,noop_unrolled,1e-05,2412353000,60269,42133511690766154,42133511690809802,18446734850337558411
1391095727,1,14,0,6,50,noop_unrolled,1e-05,2412353000,60269,42133514491701936,42133514491728740,18446734850337541567
1391095727,0,15,0,5,50,noop_unrolled,1e-05,2412353000,60269,42133511915117333,42133511915173735,18446734850337571165
1391095727,1,15,0,6,50,noop_unrolled,1e-05,2412353000,60269,42133514822205883,42133514822232688,18446734850337541568
1391095727,0,16,0,4,50,noop_unrolled,1e-05,2412353000,60269,42133511710064201,42133511710107896,18446734850337558458
1391095727,1,16,0,6,50,noop_unrolled,1e-05,2412353000,60269,42133514609915495,42133514609943482,18446734850337542750
1391095727,0,17,0,5,50,noop_unrolled,1e-05,2412353000,60269,42133512071902990,42133512071973254,18446734850337585027
1391095727,1,17,0,6,50,noop_unrolled,1e-05,2412353000,60269,42133514829459157,42133514829500273,18446734850337555879
1391095727,0,18,0,5,50,noop_unrolled,1e-05,2412353000,60269,42133511960969402,42133511961012816,18446734850337558177
1391095727,1,18,0,6,50,noop_unrolled,1e-05,2412353000,60269,42133514636454902,42133514636482753,18446734850337542614
1391095727,0,19,0,5,50,noop_unrolled,1e-05,2412353000,60269,42133512088835632,42133512088879626,18446734850337558757
1391095727,1,19,0,6,50,noop_unrolled,1e-05,2412353000,60269,42133514501367315,42133514501400055,18446734850337547503
1391095727,0,20,0,4,50,noop_unrolled,1e-05,2412353000,60269,42133511748650814,42133511748707962,18446734850337571911
1391095727,1,20,0,6,50,noop_unrolled,1e-05,2412353000,60269,42133514665419054,42133514665446999,18446734850337542708
1391095727,0,21,0,4,50,noop_unrolled,1e-05,2412353000,60269,42133511758286726,42133511758356468,18446734850337584505
1391095727,1,21,0,7,50,noop_unrolled,1e-05,2412353000,60269,42133514793270160,42133514793297136,18446734850337541739
1391095727,0,22,0,4,50,noop_unrolled,1e-05,2412353000,60269,42133511652164780,42133511652210060,18446734850337560043
1391095727,1,22,0,6,50,noop_unrolled,1e-05,2412353000,60269,42133514535126582,42133514535154539,18446734850337542720
1391095727,0,23,0,4,50,noop_unrolled,1e-05,2412353000,60269,42133511792091975,42133511792135428,18446734850337558216
1391095727,1,23,0,6,50,noop_unrolled,1e-05,2412353000,60269,42133514675054293,42133514675082305,18446734850337542775
1391095727,0,24,0,4,50,noop_unrolled,1e-05,2412353000,60269,42133511801726395,42133511801782886,18446734850337571254
1391095727,1,24,0,6,50,noop_unrolled,1e-05,2412353000,60269,42133514564093434,42133514564119974,18446734850337541303
1391095727,0,25,0,4,50,noop_unrolled,1e-05,2412353000,60269,42133511821013476,42133511821083166,18446734850337584453
1391095727,1,25,0,6,50,noop_unrolled,1e-05,2412353000,60269,42133514583378920,42133514583405476,18446734850337541319
1391095727,0,26,0,4,50,noop_unrolled,1e-05,2412353000,60269,42133511840342551,42133511840387446,18446734850337559658
1391095727,1,26,0,7,50,noop_unrolled,1e-05,2412353000,60269,42133514701594259,42133514701635384,18446734850337555888
1391095727,0,27,0,4,50,noop_unrolled,1e-05,2412353000,60269,42133511719701151,42133511719757856,18446734850337571468
1391095727,1,27,0,6,50,noop_unrolled,1e-05,2412353000,60269,42133514600266090,42133514600293294,18446734850337541967
1391095727,0,28,0,4,50,noop_unrolled,1e-05,2412353000,60269,42133511729381743,42133511729425691,18446734850337558711
1391095727,1,28,0,6,50,noop_unrolled,1e-05,2412353000,60269,42133514619566418,42133514619593794,18446734850337542139
1391095727,0,29,0,4,50,noop_unrolled,1e-05,2412353000,60269,42133511849978231,42133511850035323,18446734850337571855
1391095727,1,29,0,6,50,noop_unrolled,1e-05,2412353000,60269,42133514646105265,42133514646131651,18446734850337541149
1391095727,0,30,0,4,50,noop_unrolled,1e-05,2412353000,60269,42133511738999776,42133511739056351,18446734850337571338
1391095727,1,30,0,7,50,noop_unrolled,1e-05,2412353000,60269,42133514754668928,42133514754696280,18446734850337542115
1391095727,0,31,0,4,50,noop_unrolled,1e-05,2412353000,60269,42133511888548973,42133511888619894,18446734850337585684
1391095727,1,31,0,7,50,noop_unrolled,1e-05,2412353000,60269,42133514897039695,42133514897060452,18446734850337535520
1391095727,0,32,0,4,50,noop_unrolled,1e-05,2412353000,60269,42133511765552667,42133511765595707,18446734850337557803
1391095727,1,32,0,7,50,noop_unrolled,1e-05,2412353000,60269,42133514925976203,42133514926002168,18446734850337540728
1391095727,0,33,0,4,50,noop_unrolled,1e-05,2412353000,60269,42133511775174002,42133511775243066,18446734850337583827
1391095727,1,33,0,6,50,noop_unrolled,1e-05,2412353000,60269,42133514935611246,42133514935637250,18446734850337540767
1391095727,0,34,0,4,50,noop_unrolled,1e-05,2412353000,60269,42133511671450038,42133511671506829,18446734850337571554
1391095727,1,34,0,6,50,noop_unrolled,1e-05,2412353000,60269,42133514482083546,42133514482105139,18446734850337536356
1391095727,0,35,0,4,50,noop_unrolled,1e-05,2412353000,60269,42133511811361724,42133511811419105,18446734850337572144
1391095727,1,35,0,6,50,noop_unrolled,1e-05,2412353000,60269,42133514682293815,42133514682319995,18446734850337540943
1391095727,0,36,0,4,50,noop_unrolled,1e-05,2412353000,60269,42133511830691495,42133511830735387,18446734850337558655
1391095727,1,36,0,6,50,noop_unrolled,1e-05,2412353000,60269,42133514691943532,42133514691970124,18446734850337541355
1391095727,0,37,0,4,50,noop_unrolled,1e-05,2412353000,60269,42133511924752764,42133511924821805,18446734850337583804
1391095727,1,37,0,6,50,noop_unrolled,1e-05,2412353000,60269,42133514711229300,42133514711270484,18446734850337555947
1391095727,0,38,0,4,50,noop_unrolled,1e-05,2412353000,60269,42133511932004519,42133511932061703,18446734850337571947
1391095727,1,38,0,6,50,noop_unrolled,1e-05,2412353000,60269,42133514718496347,42133514718523104,18446734850337541520
1391095727,0,39,0,4,50,noop_unrolled,1e-05,2412353000,60269,42133511951304541,42133511951361287,18446734850337571509
1391095727,1,39,0,6,50,noop_unrolled,1e-05,2412353000,60269,42133514629201079,42133514629228969,18446734850337542653
1391095727,0,40,0,4,50,noop_unrolled,1e-05,2412353000,60269,42133511970590894,42133511970646900,18446734850337570769
1391095727,1,40,0,6,50,noop_unrolled,1e-05,2412353000,60269,42133514855981494,42133514856008304,18446734850337541573
1391095727,0,41,0,4,50,noop_unrolled,1e-05,2412353000,60269,42133512006778416,42133512006834734,18446734850337571081
1391095727,1,41,0,7,50,noop_unrolled,1e-05,2412353000,60269,42133514889787155,42133514889814026,18446734850337541634
1391095727,0,42,0,4,50,noop_unrolled,1e-05,2412353000,60269,42133511878885493,42133511878961134,18446734850337590404
1391095727,1,42,0,6,50,noop_unrolled,1e-05,2412353000,60269,42133514655754135,42133514655782063,18446734850337542691
1391095727,0,43,0,4,50,noop_unrolled,1e-05,2412353000,60269,42133512014044982,42133512014087846,18446734850337557627
1391095727,1,43,0,6,50,noop_unrolled,1e-05,2412353000,60269,42133514872868254,42133514872896148,18446734850337542657
1391095727,0,44,0,4,50,noop_unrolled,1e-05,2412353000,60269,42133512023665834,42133512023722769,18446734850337571698
1391095727,1,44,0,6,50,noop_unrolled,1e-05,2412353000,60269,42133514773983625,42133514774011638,18446734850337542776
1391095727,0,45,0,4,50,noop_unrolled,1e-05,2412353000,60269,42133511997142239,42133511997199130,18446734850337571654
1391095727,1,45,0,6,50,noop_unrolled,1e-05,2412353000,60269,42133514764320830,42133514764346535,18446734850337540468
1391095727,0,46,0,4,50,noop_unrolled,1e-05,2412353000,60269,42133511869292327,42133511869336030,18446734850337558466
1391095727,1,46,0,6,50,noop_unrolled,1e-05,2412353000,60269,42133514735383711,42133514735410993,18446734850337542045
1391095727,0,47,0,4,50,noop_unrolled,1e-05,2412353000,60269,42133512033331736,42133512033387806,18446734850337570833
1391095727,1,47,0,6,50,noop_unrolled,1e-05,2412353000,60269,42133514518226332,42133514518251776,18446734850337540207
1391095727,0,48,0,4,50,noop_unrolled,1e-05,2412353000,60269,42133511987507892,42133511987550708,18446734850337557579
1391095727,1,48,0,6,50,noop_unrolled,1e-05,2412353000,60269,42133514745033154,42133514745061024,18446734850337542633
1391095727,0,49,0,4,50,noop_unrolled,1e-05,2412353000,60269,42133511980240870,42133511980297345,18446734850337571238
1391095727,1,49,0,6,50,noop_unrolled,1e-05,2412353000,60269,42133514508621227,42133514508641707,18446734850337535243
1391095737,0,0,0,5,60,noop_unrolled,1e-05,2412353000,60269,42133536614743430,42133536614811838,18446734850337583171
1391095737,1,0,0,7,60,noop_unrolled,1e-05,2412353000,60269,42133540368711637,42133540368732149,18446734850337535275
1391095737,0,1,0,3,60,noop_unrolled,1e-05,2412353000,60269,42133536185322133,42133536185378682,18446734850337571312
1391095737,1,1,0,7,60,noop_unrolled,1e-05,2412353000,60269,42133540093664381,42133540093691011,18446734850337541393
1391095737,0,2,0,4,60,noop_unrolled,1e-05,2412353000,60269,42133536211861313,42133536211917651,18446734850337571101
1391095737,1,2,0,7,60,noop_unrolled,1e-05,2412353000,60269,42133540397644620,42133540397671936,18446734850337542079
1391095737,0,3,0,4,60,noop_unrolled,1e-05,2412353000,60269,42133536880167977,42133536880213644,18446734850337560430
1391095737,1,3,0,7,60,noop_unrolled,1e-05,2412353000,60269,42133540407281047,42133540407322344,18446734850337556060
1391095737,0,4,0,5,60,noop_unrolled,1e-05,2412353000,60269,42133536202209947,42133536202268261,18446734850337573077
1391095737,1,4,0,6,60,noop_unrolled,1e-05,2412353000,60269,42133540556888787,42133540556909534,18446734850337535510
1391095737,0,5,0,5,60,noop_unrolled,1e-05,2412353000,60269,42133536682322282,42133536682380158,18446734850337572639
1391095737,1,5,0,7,60,noop_unrolled,1e-05,2412353000,60269,42133540219131827,42133540219152370,18446734850337535306
1391095737,0,6,0,5,60,noop_unrolled,1e-05,2412353000,60269,42133536166066515,42133536166151110,18446734850337599358
1391095737,1,6,0,7,60,noop_unrolled,1e-05,2412353000,60269,42133540511048963,42133540511069482,18446734850337535282
1391095737,0,7,0,5,60,noop_unrolled,1e-05,2412353000,60269,42133536691956915,42133536692014471,18446734850337572319
1391095737,1,7,0,6,60,noop_unrolled,1e-05,2412353000,60269,42133540011608768,42133540011634406,18446734850337540401
1391095737,0,8,0,5,60,noop_unrolled,1e-05,2412353000,60269,42133536501395592,42133536501439926,18446734850337559097
1391095737,1,8,0,7,60,noop_unrolled,1e-05,2412353000,60269,42133540166056753,42133540166077274,18446734850337535284
1391095737,0,9,0,5,60,noop_unrolled,1e-05,2412353000,60269,42133536716086787,42133536716130758,18446734850337558734
1391095737,1,9,0,7,60,noop_unrolled,1e-05,2412353000,60269,42133540474860384,42133540474880831,18446734850337535210
1391095737,0,10,0,5,60,noop_unrolled,1e-05,2412353000,60269,42133536732985698,42133536733043138,18446734850337572203
1391095737,1,10,0,6,60,noop_unrolled,1e-05,2412353000,60269,42133540182942518,42133540182963030,18446734850337535275
1391095737,0,11,0,5,60,noop_unrolled,1e-05,2412353000,60269,42133536641294402,42133536641364593,18446734850337584954
1391095737,1,11,0,7,60,noop_unrolled,1e-05,2412353000,60269,42133540388009572,42133540388030344,18446734850337535535
1391095737,0,12,0,5,60,noop_unrolled,1e-05,2412353000,60269,42133536192576162,42133536192633452,18446734850337572053
1391095737,1,12,0,6,60,noop_unrolled,1e-05,2412353000,60269,42133540100921803,42133540100942310,18446734850337535270
1391095737,0,13,0,5,60,noop_unrolled,1e-05,2412353000,60269,42133536228749680,42133536228805998,18446734850337571081
1391095737,1,13,0,6,60,noop_unrolled,1e-05,2412353000,60269,42133539975449116,42133539975518730,18446734850337584377
1391095737,0,14,0,5,60,noop_unrolled,1e-05,2412353000,60269,42133536675056112,42133536675126544,18446734850337585195
1391095737,1,14,0,7,60,noop_unrolled,1e-05,2412353000,60269,42133540426594957,42133540426622501,18446734850337542307
1391095737,0,15,0,5,60,noop_unrolled,1e-05,2412353000,60269,42133536245651736,42133536245708158,18446734850337571185
1391095737,1,15,0,9,60,noop_unrolled,1e-05,2412353000,60269,42133539994719139,42133539994746607,18446734850337542231
1391095737,0,16,0,5,60,noop_unrolled,1e-05,2412353000,60269,42133536477256287,42133536477313398,18446734850337571874
1391095737,1,16,0,7,60,noop_unrolled,1e-05,2412353000,60269,42133540445912452,42133540445932972,18446734850337535283
1391095737,0,17,0,5,60,noop_unrolled,1e-05,2412353000,60269,42133536264938354,42133536264994594,18446734850337571003
1391095737,1,17,0,6,60,noop_unrolled,1e-05,2412353000,60269,42133540139501392,42133540139529380,18446734850337542751
1391095737,0,18,0,5,60,noop_unrolled,1e-05,2412353000,60269,42133536708860416,42133536708918253,18446734850337572600
1391095737,1,18,0,7,60,noop_unrolled,1e-05,2412353000,60269,42133540465210754,42133540465231452,18446734850337535461
1391095737,0,19,0,5,60,noop_unrolled,1e-05,2412353000,60269,42133536281854513,42133536281899696,18446734850337559946
1391095737,1,19,0,6,60,noop_unrolled,1e-05,2412353000,60269,42133540255319327,42133540255339856,18446734850337535292
1391095737,0,20,0,5,60,noop_unrolled,1e-05,2412353000,60269,42133536511001550,42133536511058330,18446734850337571543
1391095737,1,20,0,6,60,noop_unrolled,1e-05,2412353000,60269,42133540038190180,42133540038210674,18446734850337535257
1391095737,0,21,0,5,60,noop_unrolled,1e-05,2412353000,60269,42133536301155144,42133536301199494,18446734850337559113
1391095737,1,21,0,6,60,noop_unrolled,1e-05,2412353000,60269,42133540083999106,42133540084025840,18446734850337541497
1391095737,0,22,0,5,60,noop_unrolled,1e-05,2412353000,60269,42133536175657049,42133536175715653,18446734850337573367
1391095737,1,22,0,7,60,noop_unrolled,1e-05,2412353000,60269,42133540547237365,42133540547257867,18446734850337535265
1391095737,0,23,0,5,60,noop_unrolled,1e-05,2412353000,60269,42133536318027636,42133536318085628,18446734850337572755
1391095737,1,23,0,6,60,noop_unrolled,1e-05,2412353000,60269,42133540192577340,42133540192605339,18446734850337542762
1391095737,0,24,0,5,60,noop_unrolled,1e-05,2412353000,60269,42133536327678314,42133536327735723,18446734850337572172
1391095737,1,24,0,6,60,noop_unrolled,1e-05,2412353000,60269,42133540120187897,42133540120214040,18446734850337540906
1391095737,0,25,0,5,60,noop_unrolled,1e-05,2412353000,60269,42133536235986666,42133536236043444,18446734850337571541
1391095737,1,25,0,6,60,noop_unrolled,1e-05,2412353000,60269,42133539985084899,42133539985127170,18446734850337557034
1391095737,0,26,0,4,60,noop_unrolled,1e-05,2412353000,60269,42133536344566306,42133536344622926,18446734850337571383
1391095737,1,26,0,7,60,noop_unrolled,1e-05,2412353000,60269,42133540129851792,42133540129879428,18446734850337542399
1391095737,0,27,0,5,60,noop_unrolled,1e-05,2412353000,60269,42133536255317203,42133536255361753,18446734850337559313
1391095737,1,27,0,6,60,noop_unrolled,1e-05,2412353000,60269,42133540228767300,42133540228793662,18446734850337541125
1391095737,0,28,0,5,60,noop_unrolled,1e-05,2412353000,60269,42133536274587842,42133536274657620,18446734850337584541
1391095737,1,28,0,6,60,noop_unrolled,1e-05,2412353000,60269,42133540156390598,42133540156417166,18446734850337541331
1391095737,0,29,0,4,60,noop_unrolled,1e-05,2412353000,60269,42133536373516800,42133536373575104,18446734850337573067
1391095737,1,29,0,7,60,noop_unrolled,1e-05,2412353000,60269,42133540264940063,42133540264966990,18446734850337541690
1391095737,0,30,0,5,60,noop_unrolled,1e-05,2412353000,60269,42133536291505644,42133536291548520,18446734850337557639
1391095737,1,30,0,6,60,noop_unrolled,1e-05,2412353000,60269,42133540028524576,42133540028552283,18446734850337542470
1391095737,0,31,0,4,60,noop_unrolled,1e-05,2412353000,60269,42133536383167635,42133536383223451,18446734850337570579
1391095737,1,31,0,7,60,noop_unrolled,1e-05,2412353000,60269,42133540175690916,42133540175717633,18446734850337541480
1391095737,0,32,0,4,60,noop_unrolled,1e-05,2412353000,60269,42133536448290888,42133536448348415,18446734850337572290
1391095737,1,32,0,7,60,noop_unrolled,1e-05,2412353000,60269,42133540378359185,42133540378379686,18446734850337535264
1391095737,0,33,0,5,60,noop_unrolled,1e-05,2412353000,60269,42133536310790834,42133536310847271,18446734850337571200
1391095737,1,33,0,6,60,noop_unrolled,1e-05,2412353000,60269,42133540110552068,42133540110578855,18446734850337541550
1391095737,0,34,0,5,60,noop_unrolled,1e-05,2412353000,60269,42133536219113904,42133536219170153,18446734850337571012
1391095737,1,34,0,6,60,noop_unrolled,1e-05,2412353000,60269,42133540199830467,42133540199850988,18446734850337535284
1391095737,0,35,0,4,60,noop_unrolled,1e-05,2412353000,60269,42133536457969894,42133536458014213,18446734850337559082
1391095737,1,35,0,7,60,noop_unrolled,1e-05,2412353000,60269,42133540416959370,42133540416979860,18446734850337535253
1391095737,0,36,0,4,60,noop_unrolled,1e-05,2412353000,60269,42133536334930920,42133536334975801,18446734850337559644
1391095737,1,36,0,7,60,noop_unrolled,1e-05,2412353000,60269,42133540209465749,42133540209493234,18446734850337542248
1391095737,0,37,0,4,60,noop_unrolled,1e-05,2412353000,60269,42133536467606200,42133536467663716,18446734850337572279
1391095737,1,37,0,6,60,noop_unrolled,1e-05,2412353000,60269,42133540001972747,42133540001999461,18446734850337541477
1391095737,0,38,0,4,60,noop_unrolled,1e-05,2412353000,60269,42133536354216859,42133536354274007,18446734850337571911
1391095737,1,38,0,7,60,noop_unrolled,1e-05,2412353000,60269,42133540149166596,42133540149187088,18446734850337535255
1391095737,0,39,0,4,60,noop_unrolled,1e-05,2412353000,60269,42133536363881370,42133536363926040,18446734850337559433
1391095737,1,39,0,7,60,noop_unrolled,1e-05,2412353000,60269,42133540245670128,42133540245690682,18446734850337535317
1391095737,0,40,0,4,60,noop_unrolled,1e-05,2412353000,60269,42133536494143431,42133536494201054,18446734850337572386
1391095737,1,40,0,7,60,noop_unrolled,1e-05,2412353000,60269,42133540238401219,42133540238428837,18446734850337542381
1391095737,0,41,0,4,60,noop_unrolled,1e-05,2412353000,60269,42133536484507880,42133536484552628,18446734850337559511
1391095737,1,41,0,8,60,noop_unrolled,1e-05,2412353000,60269,42133540021258541,42133540021284713,18446734850337540935
1391095737,0,42,0,4,60,noop_unrolled,1e-05,2412353000,60269,42133536622023052,42133536622067597,18446734850337559308
1391095737,1,42,0,7,60,noop_unrolled,1e-05,2412353000,60269,42133540359059294,42133540359079793,18446734850337535262
1391095737,0,43,0,5,60,noop_unrolled,1e-05,2412353000,60269,42133536431417729,42133536431475410,18446734850337572444
1391095737,1,43,0,6,60,noop_unrolled,1e-05,2412353000,60269,42133540301158354,42133540301178839,18446734850337535248
1391095737,0,44,0,4,60,noop_unrolled,1e-05,2412353000,60269,42133536631673236,42133536631716868,18446734850337558395
1391095737,1,44,0,7,60,noop_unrolled,1e-05,2412353000,60269,42133540330093495,42133540330120639,18446734850337541907
1391095737,0,45,0,4,60,noop_unrolled,1e-05,2412353000,60269,42133536566506290,42133536566575463,18446734850337583936
1391095737,1,45,0,6,60,noop_unrolled,1e-05,2412353000,60269,42133540057490534,42133540057511058,18446734850337535287
1391095737,0,46,0,4,60,noop_unrolled,1e-05,2412353000,60269,42133536392787204,42133536392869126,18446734850337596685
1391095737,1,46,0,7,60,noop_unrolled,1e-05,2412353000,60269,42133540284270101,42133540284290618,18446734850337535280
1391095737,0,47,0,4,60,noop_unrolled,1e-05,2412353000,60269,42133536585820266,42133536585876319,18446734850337570816
1391095737,1,47,0,7,60,noop_unrolled,1e-05,2412353000,60269,42133540494132483,42133540494158775,18446734850337541055
1391095737,0,48,0,4,60,noop_unrolled,1e-05,2412353000,60269,42133536537570050,42133536537626605,18446734850337571318
1391095737,1,48,0,7,60,noop_unrolled,1e-05,2412353000,60269,42133540067111881,42133540067137954,18446734850337540836
1391095737,0,49,0,4,60,noop_unrolled,1e-05,2412353000,60269,42133536595442075,42133536595512566,18446734850337585254
1391095737,1,49,0,6,60,noop_unrolled,1e-05,2412353000,60269,42133540074378024,42133540074398531,18446734850337535270
1391095737,0,50,0,4,60,noop_unrolled,1e-05,2412353000,60269,42133536556870772,42133536556927255,18446734850337571246
1391095737,1,50,0,7,60,noop_unrolled,1e-05,2412353000,60269,42133540274621788,42133540274642290,18446734850337535265
1391095737,0,51,0,4,60,noop_unrolled,1e-05,2412353000,60269,42133536402453259,42133536402522780,18446734850337584284
1391095737,1,51,0,7,60,noop_unrolled,1e-05,2412353000,60269,42133540349410508,42133540349431168,18446734850337535423
1391095737,0,52,0,4,60,noop_unrolled,1e-05,2412353000,60269,42133536576170636,42133536576227907,18446734850337572034
1391095737,1,52,0,7,60,noop_unrolled,1e-05,2412353000,60269,42133540339760567,42133540339781318,18446734850337535514
1391095737,0,53,0,4,60,noop_unrolled,1e-05,2412353000,60269,42133536605120799,42133536605177533,18446734850337571497
1391095737,1,53,0,7,60,noop_unrolled,1e-05,2412353000,60269,42133540484510594,42133540484531086,18446734850337535255
1391095737,0,54,0,4,60,noop_unrolled,1e-05,2412353000,60269,42133536527933686,42133536527978158,18446734850337559235
1391095737,1,54,0,6,60,noop_unrolled,1e-05,2412353000,60269,42133540047839659,42133540047860215,18446734850337535319
1391095737,0,55,0,4,60,noop_unrolled,1e-05,2412353000,60269,42133536520666793,42133536520734895,18446734850337582865
1391095737,1,55,0,7,60,noop_unrolled,1e-05,2412353000,60269,42133540310807959,42133540310828460,18446734850337535264
1391095737,0,56,0,4,60,noop_unrolled,1e-05,2412353000,60269,42133536421737302,42133536421794502,18446734850337571963
1391095737,1,56,0,7,60,noop_unrolled,1e-05,2412353000,60269,42133540320459000,42133540320479531,18446734850337535294
1391095737,0,57,0,4,60,noop_unrolled,1e-05,2412353000,60269,42133536547204820,42133536547275108,18446734850337585051
1391095737,1,57,0,7,60,noop_unrolled,1e-05,2412353000,60269,42133540527936397,42133540527956928,18446734850337535294
1391095737,0,58,0,4,60,noop_unrolled,1e-05,2412353000,60269,42133536412101619,42133536412158099,18446734850337571243
1391095737,1,58,0,7,60,noop_unrolled,1e-05,2412353000,60269,42133540501398711,42133540501419229,18446734850337535281
1391095737,0,59,0,4,60,noop_unrolled,1e-05,2412353000,60269,42133536438641099,42133536438697092,18446734850337570756
1391095737,1,59,0,7,60,noop_unrolled,1e-05,2412353000,60269,42133540293905787,42133540293932386,18446734850337541362
1391095829,0,0,0,0,1,noop_unrolled,9e-05,2412353000,501364,42133757836834186,42133757837504316,18446734850338184893
1391095829,1,0,0,0,1,noop_unrolled,9e-05,2412353000,501364,42133757837657104,42133757837898934,18446734850337756593
1391095845,0,0,0,5,10,noop_unrolled,9e-05,2412353000,501364,42133796127581604,42133796127999275,18446734850337932434
1391095845,1,0,0,5,10,noop_unrolled,9e-05,2412353000,501364,42133796711434111,42133796711644968,18446734850337725620
1391095845,0,1,0,2,10,noop_unrolled,9e-05,2412353000,501364,42133796074536820,42133796074972625,18446734850337950568
1391095845,1,1,0,7,10,noop_unrolled,9e-05,2412353000,501364,42133796694514626,42133796694732974,18446734850337733111
1391095845,0,2,0,4,10,noop_unrolled,9e-05,2412353000,501364,42133796117960850,42133796118367188,18446734850337921101
1391095845,1,2,0,6,10,noop_unrolled,9e-05,2412353000,501364,42133796701783602,42133796701997923,18446734850337729084
1391095845,0,3,0,4,10,noop_unrolled,9e-05,2412353000,501364,42133796101074126,42133796101481713,18446734850337922350
1391095845,1,3,0,6,10,noop_unrolled,9e-05,2412353000,501364,42133796677628967,42133796677858540,18446734850337744336
1391095845,0,4,0,4,10,noop_unrolled,9e-05,2412353000,501364,42133796084171386,42133796084582315,18446734850337925692
1391095845,1,4,0,6,10,noop_unrolled,9e-05,2412353000,501364,42133796667992042,42133796668207417,18446734850337730138
1391095845,0,5,0,5,10,noop_unrolled,9e-05,2412353000,501364,42133796137246729,42133796137652080,18446734850337920114
1391095845,1,5,0,5,10,noop_unrolled,9e-05,2412353000,501364,42133796634203802,42133796634714708,18446734850338025669
1391095845,0,6,0,4,10,noop_unrolled,9e-05,2412353000,501364,42133796064905998,42133796065550294,18446734850338159059
1391095845,1,6,0,8,10,noop_unrolled,9e-05,2412353000,501364,42133796684894746,42133796685109938,18446734850337729955
1391095845,0,7,0,5,10,noop_unrolled,9e-05,2412353000,501364,42133796093820650,42133796094229431,18446734850337923544
1391095845,1,7,0,6,10,noop_unrolled,9e-05,2412353000,501364,42133796643840948,42133796644066948,18446734850337740763
1391095845,0,8,0,4,10,noop_unrolled,9e-05,2412353000,501364,42133796146882279,42133796147302567,18446734850337935051
1391095845,1,8,0,7,10,noop_unrolled,9e-05,2412353000,501364,42133796651094374,42133796651304942,18446734850337725331
1391095845,0,9,0,5,10,noop_unrolled,9e-05,2412353000,501364,42133796110678286,42133796111098436,18446734850337934913
1391095845,1,9,0,6,10,noop_unrolled,9e-05,2412353000,501364,42133796660740324,42133796660956971,18446734850337731410
1391095850,0,0,0,6,20,noop_unrolled,9e-05,2412353000,501364,42133808289260826,42133808289667019,18446734850337920956
1391095850,1,0,0,6,20,noop_unrolled,9e-05,2412353000,501364,42133809350735910,42133809350956786,18446734850337735639
1391095850,0,1,0,2,20,noop_unrolled,9e-05,2412353000,501364,42133808132445147,42133808132854718,18446734850337924334
1391095850,1,1,0,7,20,noop_unrolled,9e-05,2412353000,501364,42133809435206272,42133809435422070,18446734850337730561
1391095850,0,2,0,4,20,noop_unrolled,9e-05,2412353000,501364,42133808207234722,42133808207640037,18446734850337920078
1391095850,1,2,0,6,20,noop_unrolled,9e-05,2412353000,501364,42133809357987968,42133809358204187,18446734850337730982
1391095850,0,3,0,4,20,noop_unrolled,9e-05,2412353000,501364,42133808216855087,42133808217271914,18446734850337931590
1391095850,1,3,0,6,20,noop_unrolled,9e-05,2412353000,501364,42133809341130978,42133809341348446,18446734850337732231
1391095850,0,4,0,4,20,noop_unrolled,9e-05,2412353000,501364,42133808197567972,42133808197967393,18446734850337914184
1391095850,1,4,0,6,20,noop_unrolled,9e-05,2412353000,501364,42133809321788811,42133809322000364,18446734850337726316
1391095850,0,5,0,5,20,noop_unrolled,9e-05,2412353000,501364,42133808262708113,42133808263113167,18446734850337919817
1391095850,1,5,0,7,20,noop_unrolled,9e-05,2412353000,501364,42133809454479862,42133809454692169,18446734850337727070
1391095850,0,6,0,4,20,noop_unrolled,9e-05,2412353000,501364,42133808113170995,42133808113844882,18446734850338188650
1391095850,1,6,0,7,20,noop_unrolled,9e-05,2412353000,501364,42133809415875656,42133809416090506,18446734850337729613
1391095850,0,7,0,5,20,noop_unrolled,9e-05,2412353000,501364,42133808282022024,42133808282428898,18446734850337921637
1391095850,1,7,0,6,20,noop_unrolled,9e-05,2412353000,501364,42133809386954057,42133809387170367,18446734850337731073
1391095850,0,8,0,5,20,noop_unrolled,9e-05,2412353000,501364,42133808187919901,42133808188332648,18446734850337927510
1391095850,1,8,0,6,20,noop_unrolled,9e-05,2412353000,501364,42133809292851484,42133809293361550,18446734850338024829
1391095850,0,9,0,4,20,noop_unrolled,9e-05,2412353000,501364,42133808298910685,42133808299314635,18446734850337918713
1391095850,1,9,0,7,20,noop_unrolled,9e-05,2412353000,501364,42133809406268815,42133809406483415,18446734850337729363
1391095850,0,10,0,5,20,noop_unrolled,9e-05,2412353000,501364,42133808236169931,42133808236589104,18446734850337933936
1391095850,1,10,0,6,20,noop_unrolled,9e-05,2412353000,501364,42133809312150066,42133809312367492,18446734850337732189
1391095850,0,11,0,4,20,noop_unrolled,9e-05,2412353000,501364,42133808122780144,42133808123219077,18446734850337953696
1391095850,1,11,0,7,20,noop_unrolled,9e-05,2412353000,501364,42133809425554805,42133809425770148,18446734850337730106
1391095850,0,12,0,4,20,noop_unrolled,9e-05,2412353000,501364,42133808142066215,42133808142490224,18446734850337938772
1391095850,1,12,0,6,20,noop_unrolled,9e-05,2412353000,501364,42133809302516268,42133809302761588,18446734850337760083
1391095850,0,13,0,5,20,noop_unrolled,9e-05,2412353000,501364,42133808245819724,42133808246240310,18446734850337935349
1391095850,1,13,0,6,20,noop_unrolled,9e-05,2412353000,501364,42133809331449996,42133809331667084,18446734850337731851
1391095850,0,14,0,5,20,noop_unrolled,9e-05,2412353000,501364,42133808253071695,42133808253478649,18446734850337921717
1391095850,1,14,0,6,20,noop_unrolled,9e-05,2412353000,501364,42133809367653238,42133809367868531,18446734850337730056
1391095850,0,15,0,4,20,noop_unrolled,9e-05,2412353000,501364,42133808151744783,42133808152155651,18446734850337925631
1391095850,1,15,0,7,20,noop_unrolled,9e-05,2412353000,501364,42133809444843843,42133809445057721,18446734850337728641
1391095850,0,16,0,5,20,noop_unrolled,9e-05,2412353000,501364,42133808226518827,42133808226925550,18446734850337921486
1391095850,1,16,0,6,20,noop_unrolled,9e-05,2412353000,501364,42133809377293106,42133809377503822,18446734850337725479
1391095850,0,17,0,5,20,noop_unrolled,9e-05,2412353000,501364,42133808161366435,42133808161785588,18446734850337933916
1391095850,1,17,0,6,20,noop_unrolled,9e-05,2412353000,501364,42133809464140944,42133809464357160,18446734850337730979
1391095850,0,18,0,4,20,noop_unrolled,9e-05,2412353000,501364,42133808168633581,42133808169041099,18446734850337922281
1391095850,1,18,0,6,20,noop_unrolled,9e-05,2412353000,501364,42133809473778674,42133809473990960,18446734850337727049
1391095850,0,19,0,4,20,noop_unrolled,9e-05,2412353000,501364,42133808178283441,42133808178689475,18446734850337920797
1391095850,1,19,0,7,20,noop_unrolled,9e-05,2412353000,501364,42133809396606550,42133809396819396,18446734850337727609
1391095860,0,0,0,5,40,noop_unrolled,9e-05,2412353000,501364,42133833116797356,42133833117193262,18446734850337910669
1391095860,1,0,0,6,40,noop_unrolled,9e-05,2412353000,501364,42133835244647467,42133835244861383,18446734850337728679
1391095860,0,1,0,2,40,noop_unrolled,9e-05,2412353000,501364,42133832793515081,42133832793917034,18446734850337916716
1391095860,1,1,0,7,40,noop_unrolled,9e-05,2412353000,501364,42133835029930151,42133835030144766,18446734850337729378
1391095860,0,2,0,4,40,noop_unrolled,9e-05,2412353000,501364,42133832822466481,42133832822866332,18446734850337914614
1391095860,1,2,0,5,40,noop_unrolled,9e-05,2412353000,501364,42133835046818236,42133835047032756,18446734850337729283
1391095860,0,3,0,4,40,noop_unrolled,9e-05,2412353000,501364,42133833032359225,42133833032752775,18446734850337908313
1391095860,1,3,0,6,40,noop_unrolled,9e-05,2412353000,501364,42133835160224436,42133835160434977,18446734850337725304
1391095860,0,4,0,4,40,noop_unrolled,9e-05,2412353000,501364,42133832933443445,42133832933838903,18446734850337910221
1391095860,1,4,0,6,40,noop_unrolled,9e-05,2412353000,501364,42133835056483013,42133835056693673,18446734850337725423
1391095860,0,5,0,5,40,noop_unrolled,9e-05,2412353000,501364,42133833136098474,42133833136494198,18446734850337910487
1391095860,1,5,0,6,40,noop_unrolled,9e-05,2412353000,501364,42133835353229548,42133835353439717,18446734850337724932
1391095860,0,6,0,5,40,noop_unrolled,9e-05,2412353000,501364,42133833013061189,42133833013457354,18446734850337910928
1391095860,1,6,0,6,40,noop_unrolled,9e-05,2412353000,501364,42133835208475590,42133835208685687,18446734850337724860
1391095860,0,7,0,4,40,noop_unrolled,9e-05,2412353000,501364,42133833143337149,42133833143733448,18446734850337911062
1391095860,1,7,0,7,40,noop_unrolled,9e-05,2412353000,501364,42133835379769706,42133835379979943,18446734850337725000
1391095860,0,8,0,5,40,noop_unrolled,9e-05,2412353000,501364,42133832996171495,42133832996558905,18446734850337902173
1391095860,1,8,0,6,40,noop_unrolled,9e-05,2412353000,501364,42133835300153143,42133835300365412,18446734850337727032
1391095860,0,9,0,5,40,noop_unrolled,9e-05,2412353000,501364,42133833078198781,42133833078594616,18446734850337910598
1391095860,1,9,0,6,40,noop_unrolled,9e-05,2412353000,501364,42133835309803300,42133835310014346,18446734850337725809
1391095860,0,10,0,5,40,noop_unrolled,9e-05,2412353000,501364,42133833087850708,42133833088245836,18446734850337909891
1391095860,1,10,0,6,40,noop_unrolled,9e-05,2412353000,501364,42133835010677306,42133835011123555,18446734850337961012
1391095860,0,11,0,4,40,noop_unrolled,9e-05,2412353000,501364,42133832803167634,42133832803565543,18446734850337912672
1391095860,1,11,0,7,40,noop_unrolled,9e-05,2412353000,501364,42133835329099800,42133835329309875,18446734850337724838
1391095860,0,12,0,5,40,noop_unrolled,9e-05,2412353000,501364,42133833097498851,42133833097894133,18446734850337910045
1391095860,1,12,0,6,40,noop_unrolled,9e-05,2412353000,501364,42133835150576379,42133835150787461,18446734850337725845
1391095860,0,13,0,4,40,noop_unrolled,9e-05,2412353000,501364,42133832829704963,42133832830101159,18446734850337910959
1391095860,1,13,0,7,40,noop_unrolled,9e-05,2412353000,501364,42133835336341483,42133835336550070,18446734850337723350
1391095860,0,14,0,4,40,noop_unrolled,9e-05,2412353000,501364,42133832839352909,42133832839747632,18446734850337909486
1391095860,1,14,0,7,40,noop_unrolled,9e-05,2412353000,501364,42133835345990091,42133835346199747,18446734850337724419
1391095860,0,15,0,4,40,noop_unrolled,9e-05,2412353000,501364,42133832849005983,42133832849400774,18446734850337909554
1391095860,1,15,0,6,40,noop_unrolled,9e-05,2412353000,501364,42133835085433026,42133835085643563,18446734850337725300
1391095860,0,16,0,4,40,noop_unrolled,9e-05,2412353000,501364,42133832858655073,42133832859049867,18446734850337909557
1391095860,1,16,0,6,40,noop_unrolled,9e-05,2412353000,501364,42133835169873607,42133835170084520,18446734850337725676
1391095860,0,17,0,5,40,noop_unrolled,9e-05,2412353000,501364,42133833058899673,42133833059294203,18446734850337909293
1391095860,1,17,0,6,40,noop_unrolled,9e-05,2412353000,501364,42133835372526007,42133835372737644,18446734850337726400
1391095860,0,18,0,4,40,noop_unrolled,9e-05,2412353000,501364,42133832877958283,42133832878353572,18446734850337910052
1391095860,1,18,0,6,40,noop_unrolled,9e-05,2412353000,501364,42133835189174419,42133835189384051,18446734850337724395
1391095860,0,19,0,4,40,noop_unrolled,9e-05,2412353000,501364,42133832774228766,42133832774897879,18446734850338183876
1391095860,1,19,0,6,40,noop_unrolled,9e-05,2412353000,501364,42133835121626087,42133835121836031,18446734850337724707
1391095860,0,20,0,4,40,noop_unrolled,9e-05,2412353000,501364,42133832887605130,42133832888000292,18446734850337909925
1391095860,1,20,0,6,40,noop_unrolled,9e-05,2412353000,501364,42133835020293900,42133835020519019,18446734850337739882
1391095860,0,21,0,4,40,noop_unrolled,9e-05,2412353000,501364,42133832894844662,42133832895239162,18446734850337909263
1391095860,1,21,0,6,40,noop_unrolled,9e-05,2412353000,501364,42133835198827098,42133835199036408,18446734850337724073
1391095860,0,22,0,4,40,noop_unrolled,9e-05,2412353000,501364,42133832812816899,42133832813212456,18446734850337910320
1391095860,1,22,0,6,40,noop_unrolled,9e-05,2412353000,501364,42133835037183052,42133835037392800,18446734850337724511
1391095860,0,23,0,4,40,noop_unrolled,9e-05,2412353000,501364,42133832923795972,42133832924191111,18446734850337909902
1391095860,1,23,0,6,40,noop_unrolled,9e-05,2412353000,501364,42133835227774214,42133835227983805,18446734850337724354
1391095860,0,24,0,5,40,noop_unrolled,9e-05,2412353000,501364,42133833126447312,42133833126841363,18446734850337908814
1391095860,1,24,0,5,40,noop_unrolled,9e-05,2412353000,501364,42133835066132250,42133835066342524,18446734850337725037
1391095860,0,25,0,4,40,noop_unrolled,9e-05,2412353000,501364,42133832940682801,42133832941077677,18446734850337909639
1391095860,1,25,0,6,40,noop_unrolled,9e-05,2412353000,501364,42133835075784920,42133835075994867,18446734850337724710
1391095860,0,26,0,4,40,noop_unrolled,9e-05,2412353000,501364,42133832959982358,42133832960378651,18446734850337911056
1391095860,1,26,0,6,40,noop_unrolled,9e-05,2412353000,501364,42133835095085773,42133835095296000,18446734850337724990
1391095860,0,27,0,4,40,noop_unrolled,9e-05,2412353000,501364,42133832868304551,42133832868700991,18446734850337911203
1391095860,1,27,0,7,40,noop_unrolled,9e-05,2412353000,501364,42133835114368467,42133835114584661,18446734850337730957
1391095860,0,28,0,4,40,noop_unrolled,9e-05,2412353000,501364,42133832976869647,42133832977263786,18446734850337908902
1391095860,1,28,0,6,40,noop_unrolled,9e-05,2412353000,501364,42133835280851979,42133835281060890,18446734850337723674
1391095860,0,29,0,4,40,noop_unrolled,9e-05,2412353000,501364,42133832986522338,42133832986916388,18446734850337908813
1391095860,1,29,0,6,40,noop_unrolled,9e-05,2412353000,501364,42133835290503278,42133835290713010,18446734850337724495
1391095860,0,30,0,4,40,noop_unrolled,9e-05,2412353000,501364,42133832783867893,42133832784293171,18446734850337940041
1391095860,1,30,0,6,40,noop_unrolled,9e-05,2412353000,501364,42133835399065178,42133835399276295,18446734850337725880
1391095860,0,31,0,4,40,noop_unrolled,9e-05,2412353000,501364,42133833005819818,42133833006214394,18446734850337909339
1391095860,1,31,0,6,40,noop_unrolled,9e-05,2412353000,501364,42133835131274771,42133835131485742,18446734850337725734
1391095860,0,32,0,4,40,noop_unrolled,9e-05,2412353000,501364,42133832904496271,42133832904886500,18446734850337904992
1391095860,1,32,0,7,40,noop_unrolled,9e-05,2412353000,501364,42133835218127740,42133835218337717,18446734850337724740 1391095860,0,33,0,4,40,noop_unrolled,9e-05,2412353000,501364,42133832914144970,42133832914534447,18446734850337904240
1391095860,1,33,0,6,40,noop_unrolled,9e-05,2412353000,501364,42133835140927375,42133835141138485,18446734850337725873
1391095860,0,34,0,4,40,noop_unrolled,9e-05,2412353000,501364,42133833022709071,42133833023103216,18446734850337908908
1391095860,1,34,0,6,40,noop_unrolled,9e-05,2412353000,501364,42133835235013950,42133835235223371,18446734850337724184
1391095860,0,35,0,4,40,noop_unrolled,9e-05,2412353000,501364,42133833042009226,42133833042403076,18446734850337908613
1391095860,1,35,0,6,40,noop_unrolled,9e-05,2412353000,501364,42133835254315830,42133835254524474,18446734850337723407
1391095860,0,36,0,4,40,noop_unrolled,9e-05,2412353000,501364,42133832950338939,42133832950734138,18446734850337909962
1391095860,1,36,0,6,40,noop_unrolled,9e-05,2412353000,501364,42133835263963298,42133835264173206,18446734850337724671
1391095860,0,37,0,4,40,noop_unrolled,9e-05,2412353000,501364,42133832967221438,42133832967616635,18446734850337909960
1391095860,1,37,0,6,40,noop_unrolled,9e-05,2412353000,501364,42133835104733631,42133835104944499,18446734850337725631
1391095860,0,38,0,4,40,noop_unrolled,9e-05,2412353000,501364,42133833051659476,42133833052048072,18446734850337903359
1391095860,1,38,0,6,40,noop_unrolled,9e-05,2412353000,501364,42133835271203057,42133835271412609,18446734850337724315
1391095860,0,39,0,4,40,noop_unrolled,9e-05,2412353000,501364,42133833068550383,42133833068941321,18446734850337905701
1391095860,1,39,0,6,40,noop_unrolled,9e-05,2412353000,501364,42133835179526402,42133835179735944,18446734850337724305
1391095973,0,0,0,6,40,noop_unrolled,0.0001,2412353000,556501,42134106062696879,42134106063143594,18446734850337961478
1391095973,1,0,0,6,40,noop_unrolled,0.0001,2412353000,556501,42134108318427461,42134108318681023,18446734850337768325
1391095973,0,1,0,2,40,noop_unrolled,0.0001,2412353000,556501,42134105720118467,42134105720602786,18446734850337999082
1391095973,1,1,0,6,40,noop_unrolled,0.0001,2412353000,556501,42134108069920058,42134108070171527,18446734850337766232
1391095973,0,2,0,3,40,noop_unrolled,0.0001,2412353000,556501,42134105746659279,42134105747112474,18446734850337967958
1391095973,1,2,0,7,40,noop_unrolled,0.0001,2412353000,556501,42134108347363594,42134108347618163,18446734850337769332
1391095973,0,3,0,4,40,noop_unrolled,0.0001,2412353000,556501,42134105876931617,42134105877384531,18446734850337967677
1391095973,1,3,0,6,40,noop_unrolled,0.0001,2412353000,556501,42134108159201386,42134108159450012,18446734850337763389
1391095973,0,4,0,4,40,noop_unrolled,0.0001,2412353000,556501,42134105867282473,42134105867737582,18446734850337969872
1391095973,1,4,0,7,40,noop_unrolled,0.0001,2412353000,556501,42134108241224444,42134108241473617,18446734850337763936
1391095973,0,5,0,4,40,noop_unrolled,0.0001,2412353000,556501,42134105785256584,42134105785708297,18446734850337966476
1391095973,1,5,0,7,40,noop_unrolled,0.0001,2412353000,556501,42134108376333161,42134108376580249,18446734850337761851
1391095973,0,6,0,5,40,noop_unrolled,0.0001,2412353000,556501,42134105710487228,42134105711233812,18446734850338261347
1391095973,1,6,0,6,40,noop_unrolled,0.0001,2412353000,556501,42134108202625133,42134108202873673,18446734850337763303
1391095973,0,7,0,5,40,noop_unrolled,0.0001,2412353000,556501,42134106033748160,42134106034201399,18446734850337968002
1391095973,1,7,0,6,40,noop_unrolled,0.0001,2412353000,556501,42134108014415398,42134108014946208,18446734850338045573
1391095973,0,8,0,5,40,noop_unrolled,0.0001,2412353000,556501,42134106043399312,42134106043853455,18446734850337968906
1391095973,1,8,0,6,40,noop_unrolled,0.0001,2412353000,556501,42134108122981249,42134108123233943,18446734850337767457
1391095973,0,9,0,5,40,noop_unrolled,0.0001,2412353000,556501,42134106069937446,42134106070387676,18446734850337964993
1391095973,1,9,0,5,40,noop_unrolled,0.0001,2412353000,556501,42134108031319011,42134108031572315,18446734850337768067
1391095973,0,10,0,5,40,noop_unrolled,0.0001,2412353000,556501,42134106086822008,42134106087276818,18446734850337969573
1391095973,1,10,0,5,40,noop_unrolled,0.0001,2412353000,556501,42134108050619561,42134108050872886,18446734850337768088
1391095973,0,11,0,5,40,noop_unrolled,0.0001,2412353000,556501,42134105987915357,42134105988368640,18446734850337968046
1391095973,1,11,0,6,40,noop_unrolled,0.0001,2412353000,556501,42134108212276979,42134108212527390,18446734850337765174
1391095973,0,12,0,5,40,noop_unrolled,0.0001,2412353000,556501,42134105739414942,42134105739869270,18446734850337969091
1391095973,1,12,0,6,40,noop_unrolled,0.0001,2412353000,556501,42134108231576357,42134108231824971,18446734850337763377
1391095973,0,13,0,4,40,noop_unrolled,0.0001,2412353000,556501,42134105756307696,42134105756752499,18446734850337959566
1391095973,1,13,0,7,40,noop_unrolled,0.0001,2412353000,556501,42134108357029984,42134108357276761,18446734850337761540
1391095973,0,14,0,4,40,noop_unrolled,0.0001,2412353000,556501,42134105765952583,42134105766405726,18446734850337967906
1391095973,1,14,0,7,40,noop_unrolled,0.0001,2412353000,556501,42134108260526147,42134108260774115,18446734850337762731
1391095973,0,15,0,4,40,noop_unrolled,0.0001,2412353000,556501,42134105775603044,42134105776054106,18446734850337965825
1391095973,1,15,0,7,40,noop_unrolled,0.0001,2412353000,556501,42134108366680276,42134108366927418,18446734850337761905
1391095973,0,16,0,4,40,noop_unrolled,0.0001,2412353000,556501,42134105794903872,42134105795357353,18446734850337968244
1391095973,1,16,0,6,40,noop_unrolled,0.0001,2412353000,556501,42134108096471638,42134108096720879,18446734850337764004
1391095973,0,17,0,5,40,noop_unrolled,0.0001,2412353000,556501,42134105980673819,42134105981127204,18446734850337968148
1391095973,1,17,0,6,40,noop_unrolled,0.0001,2412353000,556501,42134108195386570,42134108195634586,18446734850337762779
1391095973,0,18,0,4,40,noop_unrolled,0.0001,2412353000,556501,42134105823852703,42134105824306528,18446734850337968588
1391095973,1,18,0,6,40,noop_unrolled,0.0001,2412353000,556501,42134108021683705,42134108021939045,18446734850337770103
1391095973,0,19,0,5,40,noop_unrolled,0.0001,2412353000,556501,42134105833503956,42134105833957252,18446734850337968059
1391095973,1,19,0,6,40,noop_unrolled,0.0001,2412353000,556501,42134108308780265,42134108309028668,18446734850337763166
1391095973,0,20,0,4,40,noop_unrolled,0.0001,2412353000,556501,42134105840743073,42134105841195492,18446734850337967182
1391095973,1,20,0,6,40,noop_unrolled,0.0001,2412353000,556501,42134108040969749,42134108041221704,18446734850337766718
1391095973,0,21,0,4,40,noop_unrolled,0.0001,2412353000,556501,42134106096475667,42134106096930605,18446734850337969701
1391095973,1,21,0,6,40,noop_unrolled,0.0001,2412353000,556501,42134108060255185,42134108060509536,18446734850337769114
1391095973,0,22,0,4,40,noop_unrolled,0.0001,2412353000,556501,42134105729765679,42134105730221227,18446734850337970311
1391095973,1,22,0,7,40,noop_unrolled,0.0001,2412353000,556501,42134108328078912,42134108328327583,18446734850337763434
1391095973,0,23,0,4,40,noop_unrolled,0.0001,2412353000,556501,42134105860041992,42134105860494878,18446734850337967649
1391095973,1,23,0,7,40,noop_unrolled,0.0001,2412353000,556501,42134108079554636,42134108079806892,18446734850337767019
1391095973,0,24,0,5,40,noop_unrolled,0.0001,2412353000,556501,42134106007209816,42134106007665012,18446734850337969959
1391095973,1,24,0,6,40,noop_unrolled,0.0001,2412353000,556501,42134108250878569,42134108251126200,18446734850337762394
1391095973,0,25,0,4,40,noop_unrolled,0.0001,2412353000,556501,42134105886579842,42134105887032460,18446734850337967381
1391095973,1,25,0,6,40,noop_unrolled,0.0001,2412353000,556501,42134108086807708,42134108087059924,18446734850337766979
1391095973,0,26,0,5,40,noop_unrolled,0.0001,2412353000,556501,42134106024098641,42134106024551500,18446734850337967622
1391095973,1,26,0,6,40,noop_unrolled,0.0001,2412353000,556501,42134108270178983,42134108270426771,18446734850337762551
1391095973,0,27,0,4,40,noop_unrolled,0.0001,2412353000,556501,42134105804555139,42134105805009037,18446734850337968661
1391095973,1,27,0,7,40,noop_unrolled,0.0001,2412353000,556501,42134108279828371,42134108280076476,18446734850337762868
1391095973,0,28,0,4,40,noop_unrolled,0.0001,2412353000,556501,42134105814205438,42134105814659381,18446734850337968706
1391095973,1,28,0,7,40,noop_unrolled,0.0001,2412353000,556501,42134108395628251,42134108395876227,18446734850337762739
1391095973,0,29,0,4,40,noop_unrolled,0.0001,2412353000,556501,42134105905879460,42134105906332037,18446734850337967340
1391095973,1,29,0,7,40,noop_unrolled,0.0001,2412353000,556501,42134108299128095,42134108299377623,18446734850337764291
1391095973,0,30,0,4,40,noop_unrolled,0.0001,2412353000,556501,42134105913122352,42134105913577375,18446734850337969786
1391095973,1,30,0,6,40,noop_unrolled,0.0001,2412353000,556501,42134108113359559,42134108113608490,18446734850337763694
1391095973,0,31,0,4,40,noop_unrolled,0.0001,2412353000,556501,42134105850393447,42134105850847001,18446734850337968317
1391095973,1,31,0,6,40,noop_unrolled,0.0001,2412353000,556501,42134108130253928,42134108130502051,18446734850337762886
1391095973,0,32,0,4,40,noop_unrolled,0.0001,2412353000,556501,42134105922772592,42134105923226261,18446734850337968432
1391095973,1,32,0,6,40,noop_unrolled,0.0001,2412353000,556501,42134108139900400,42134108140148269,18446734850337762632
1391095973,0,33,0,4,40,noop_unrolled,0.0001,2412353000,556501,42134105932423246,42134105932875716,18446734850337967233
1391095973,1,33,0,6,40,noop_unrolled,0.0001,2412353000,556501,42134108149549606,42134108149797155,18446734850337762312
1391095973,0,34,0,4,40,noop_unrolled,0.0001,2412353000,556501,42134105942074410,42134105942527212,18446734850337967565
1391095973,1,34,0,6,40,noop_unrolled,0.0001,2412353000,556501,42134108221928547,42134108222177014,18446734850337763230
1391095973,0,35,0,4,40,noop_unrolled,0.0001,2412353000,556501,42134105951722104,42134105952175601,18446734850337968260
1391095973,1,35,0,6,40,noop_unrolled,0.0001,2412353000,556501,42134108168851542,42134108169099036,18446734850337762257
1391095973,0,36,0,4,40,noop_unrolled,0.0001,2412353000,556501,42134105961370423,42134105961824355,18446734850337968695
1391095973,1,36,0,6,40,noop_unrolled,0.0001,2412353000,556501,42134108178485244,42134108178736655,18446734850337766174
1391095973,0,37,0,5,40,noop_unrolled,0.0001,2412353000,556501,42134106016857532,42134106017311866,18446734850337969097
1391095973,1,37,0,6,40,noop_unrolled,0.0001,2412353000,556501,42134108185737939,42134108185985839,18446734850337762663
1391095973,0,38,0,4,40,noop_unrolled,0.0001,2412353000,556501,42134105971021849,42134105971474432,18446734850337967346
1391095973,1,38,0,7,40,noop_unrolled,0.0001,2412353000,556501,42134108106108125,42134108106361274,18446734850337767912
1391095973,0,39,0,4,40,noop_unrolled,0.0001,2412353000,556501,42134105896230094,42134105896682760,18446734850337967429
1391095973,1,39,0,6,40,noop_unrolled,0.0001,2412353000,556501,42134108402875589,42134108403122951,18446734850337762125
1391095983,0,0,0,0,1,noop_unrolled,0.0001,2412353000,556501,42134129069507064,42134129070265646,18446734850338273345
1391095983,1,0,0,0,1,noop_unrolled,0.0001,2412353000,556501,42134129070417953,42134129070690107,18446734850337786917
1391096029,0,0,0,0,1,noop_unrolled,0.00015,2412353000,832186,42134240818055276,42134240819217107,18446734850338676594
1391096029,1,0,0,0,1,noop_unrolled,0.00015,2412353000,832186,42134240819379792,42134240819894504,18446734850338029475
1391096036,0,0,0,2,2,noop_unrolled,0.00015,2412353000,832186,42134256706903014,42134256708080747,18446734850338692496
1391096036,1,0,0,3,2,noop_unrolled,0.00015,2412353000,832186,42134256892668094,42134256893183795,18446734850338030464
1391096036,0,1,0,1,2,noop_unrolled,0.00015,2412353000,832186,42134256738308437,42134256739139537,18446734850338345863
1391096036,1,1,0,3,2,noop_unrolled,0.00015,2412353000,832186,42134256924005420,42134256924464054,18446734850337973397
